aa_dj,1,Acaada
aa_dj,2,Etleeni
aa_dj,3,Talaata
aa_dj,4,Arbaqa
aa_dj,5,Kamiisi
aa_dj,6,Gumqata
aa_dj,7,Sabti
aa_er,1,Acaada
aa_er,2,Etleeni
aa_er,3,Talaata
aa_er,4,Arbaqa
aa_er,5,Kamiisi
aa_er,6,Gumqata
aa_er,7,Sabti
aa_et,1,Acaada
aa_et,2,Etleeni
aa_et,3,Talaata
aa_et,4,Arbaqa
aa_et,5,Kamiisi
aa_et,6,Gumqata
aa_et,7,Sabti
af,1,Sondag
af,2,Maandag
af,3,Dinsdag
af,4,Woensdag
af,5,Donderdag
af,6,Vrydag
af,7,Saterdag
af_za,1,Sondag
af_za,2,Maandag
af_za,3,Dinsdag
af_za,4,Woensdag
af_za,5,Donderdag
af_za,6,Vrydag
af_za,7,Saterdag
agr_pe,1,Sunday
agr_pe,2,Monday
agr_pe,3,Tuesday
agr_pe,4,Wednesday
agr_pe,5,Thursday
agr_pe,6,Friday
agr_pe,7,Saturday
ak_gh,1,Kwesida
ak_gh,2,Dwowda
ak_gh,3,Benada
ak_gh,4,Wukuda
ak_gh,5,Yawda
ak_gh,6,Fida
ak_gh,7,Memeneda
am,1,áŠ¥áˆ‘á‹µ
am,2,áˆ°áŠž
am,3,áˆ›áŠ­áˆ°áŠž
am,4,áˆ¨á‰¡á‹•
am,5,áˆáˆ™áˆµ
am,6,á‹“áˆ­á‰¥
am,7,á‰…á‹³áˆœ
am_et,1,áŠ¥áˆ‘á‹µ
am_et,2,áˆ°áŠž
am_et,3,áˆ›áŠ­áˆ°áŠž
am_et,4,áˆ¨á‰¡á‹•
am_et,5,áˆáˆ™áˆµ
am_et,6,á‹“áˆ­á‰¥
am_et,7,á‰…á‹³áˆœ
american,1,Sunday
american,2,Monday
american,3,Tuesday
american,4,Wednesday
american,5,Thursday
american,6,Friday
american,7,Saturday
an_es,1,Sunday
an_es,2,Monday
an_es,3,Tuesday
an_es,4,Wednesday
an_es,5,Thursday
an_es,6,Friday
an_es,7,Saturday
anp_in,1,Sunday
anp_in,2,Monday
anp_in,3,Tuesday
anp_in,4,Wednesday
anp_in,5,Thursday
anp_in,6,Friday
anp_in,7,Saturday
ar,1,ÇáÃÍÏ
ar,2,ÇáÅËäíä
ar,3,ÇáËáÇËÇÁ
ar,4,ÇáÃÑÈÚÇÁ
ar,5,ÇáÎãíÓ
ar,6,ÇáÌãÚÉ
ar,7,ÇáÓÈÊ
ar_aa,1,ÇáÃÍÏ
ar_aa,2,ÇáÅËäíä
ar_aa,3,ÇáËáÇËÇÁ
ar_aa,4,ÇáÃÑÈÚÇÁ
ar_aa,5,ÇáÎãíÓ
ar_aa,6,ÇáÌãÚÉ
ar_aa,7,ÇáÓÈÊ
ar_ae,1,ÇáÃÍÏ
ar_ae,2,ÇáÅËäíä
ar_ae,3,ÇáËáÇËÇÁ
ar_ae,4,ÇáÃÑÈÚÇÁ
ar_ae,5,ÇáÎãíÓ
ar_ae,6,ÇáÌãÚÉ
ar_ae,7,ÇáÓÈÊ
ar_bh,1,ÇáÃÍÏ
ar_bh,2,ÇáÅËäíä
ar_bh,3,ÇáËáÇËÇÁ
ar_bh,4,ÇáÃÑÈÚÇÁ
ar_bh,5,ÇáÎãíÓ
ar_bh,6,ÇáÌãÚÉ
ar_bh,7,ÇáÓÈÊ
ar_dz,1,ÇáÃÍÏ
ar_dz,2,ÇáÅËäíä
ar_dz,3,ÇáËáÇËÇÁ
ar_dz,4,ÇáÃÑÈÚÇÁ
ar_dz,5,ÇáÎãíÓ
ar_dz,6,ÇáÌãÚÉ
ar_dz,7,ÇáÓÈÊ
ar_eg,1,ÇáÃÍÏ
ar_eg,2,ÇáÅËäíä
ar_eg,3,ÇáËáÇËÇÁ
ar_eg,4,ÇáÃÑÈÚÇÁ
ar_eg,5,ÇáÎãíÓ
ar_eg,6,ÇáÌãÚÉ
ar_eg,7,ÇáÓÈÊ
ar_in,1,ÇáÃÍÏ
ar_in,2,ÇáÅËäíä
ar_in,3,ÇáËáÇËÇÁ
ar_in,4,ÇáÃÑÈÚÇÁ
ar_in,5,ÇáÎãíÓ
ar_in,6,ÇáÌãÚÉ
ar_in,7,ÇáÓÈÊ
ar_iq,1,ÇáÃÍÏ
ar_iq,2,ÇáÅËäíä
ar_iq,3,ÇáËáÇËÇÁ
ar_iq,4,ÇáÃÑÈÚÇÁ
ar_iq,5,ÇáÎãíÓ
ar_iq,6,ÇáÌãÚÉ
ar_iq,7,ÇáÓÈÊ
ar_jo,1,ÇáÃÍÏ
ar_jo,2,ÇáÅËäíä
ar_jo,3,ÇáËáÇËÇÁ
ar_jo,4,ÇáÃÑÈÚÇÁ
ar_jo,5,ÇáÎãíÓ
ar_jo,6,ÇáÌãÚÉ
ar_jo,7,ÇáÓÈÊ
ar_kw,1,ÇáÃÍÏ
ar_kw,2,ÇáÅËäíä
ar_kw,3,ÇáËáÇËÇÁ
ar_kw,4,ÇáÃÑÈÚÇÁ
ar_kw,5,ÇáÎãíÓ
ar_kw,6,ÇáÌãÚÉ
ar_kw,7,ÇáÓÈÊ
ar_lb,1,ÇáÃÍÏ
ar_lb,2,ÇáÅËäíä
ar_lb,3,ÇáËáÇËÇÁ
ar_lb,4,ÇáÃÑÈÚÇÁ
ar_lb,5,ÇáÎãíÓ
ar_lb,6,ÇáÌãÚÉ
ar_lb,7,ÇáÓÈÊ
ar_ly,1,ÇáÃÍÏ
ar_ly,2,ÇáÅËäíä
ar_ly,3,ÇáËáÇËÇÁ
ar_ly,4,ÇáÃÑÈÚÇÁ
ar_ly,5,ÇáÎãíÓ
ar_ly,6,ÇáÌãÚÉ
ar_ly,7,ÇáÓÈÊ
ar_ma,1,ÇáÃÍÏ
ar_ma,2,ÇáÅËäíä
ar_ma,3,ÇáËáÇËÇÁ
ar_ma,4,ÇáÃÑÈÚÇÁ
ar_ma,5,ÇáÎãíÓ
ar_ma,6,ÇáÌãÚÉ
ar_ma,7,ÇáÓÈÊ
ar_om,1,ÇáÃÍÏ
ar_om,2,ÇáÅËäíä
ar_om,3,ÇáËáÇËÇÁ
ar_om,4,ÇáÃÑÈÚÇÁ
ar_om,5,ÇáÎãíÓ
ar_om,6,ÇáÌãÚÉ
ar_om,7,ÇáÓÈÊ
ar_qa,1,ÇáÃÍÏ
ar_qa,2,ÇáÅËäíä
ar_qa,3,ÇáËáÇËÇÁ
ar_qa,4,ÇáÃÑÈÚÇÁ
ar_qa,5,ÇáÎãíÓ
ar_qa,6,ÇáÌãÚÉ
ar_qa,7,ÇáÓÈÊ
ar_sa,1,ÇáÃÍÏ
ar_sa,2,ÇáÅËäíä
ar_sa,3,ÇáËáÇËÇÁ
ar_sa,4,ÇáÃÑÈÚÇÁ
ar_sa,5,ÇáÎãíÓ
ar_sa,6,ÇáÌãÚÉ
ar_sa,7,ÇáÓÈÊ
ar_sd,1,ÇáÃÍÏ
ar_sd,2,ÇáÇËäíä
ar_sd,3,ÇáËáÇËÇÁ
ar_sd,4,ÇáÃÑÈÚÇÁ
ar_sd,5,ÇáÎãíÓ
ar_sd,6,ÇáÌãÚÉ
ar_sd,7,ÇáÓÈÊ
ar_ss,1,ÇáÃÍÏ
ar_ss,2,ÇáÇËäíä
ar_ss,3,ÇáËáÇËÇÁ
ar_ss,4,ÇáÃÑÈÚÇÁ
ar_ss,5,ÇáÎãíÓ
ar_ss,6,ÇáÌãÚÉ
ar_ss,7,ÇáÓÈÊ
ar_sy,1,ÇáÃÍÏ
ar_sy,2,ÇáÅËäíä
ar_sy,3,ÇáËáÇËÇÁ
ar_sy,4,ÇáÃÑÈÚÇÁ
ar_sy,5,ÇáÎãíÓ
ar_sy,6,ÇáÌãÚÉ
ar_sy,7,ÇáÓÈÊ
ar_tn,1,ÇáÃÍÏ
ar_tn,2,ÇáÅËäíä
ar_tn,3,ÇáËáÇËÇÁ
ar_tn,4,ÇáÃÑÈÚÇÁ
ar_tn,5,ÇáÎãíÓ
ar_tn,6,ÇáÌãÚÉ
ar_tn,7,ÇáÓÈÊ
ar_ye,1,ÇáÃÍÏ
ar_ye,2,ÇáÅËäíä
ar_ye,3,ÇáËáÇËÇÁ
ar_ye,4,ÇáÃÑÈÚÇÁ
ar_ye,5,ÇáÎãíÓ
ar_ye,6,ÇáÌãÚÉ
ar_ye,7,ÇáÓÈÊ
arabic,1,ÇáÃÍÏ
arabic,2,ÇáÅËäíä
arabic,3,ÇáËáÇËÇÁ
arabic,4,ÇáÃÑÈÚÇÁ
arabic,5,ÇáÎãíÓ
arabic,6,ÇáÌãÚÉ
arabic,7,ÇáÓÈÊ
as,1,à§°à¦¬à¦¿à¦¬à¦¾à§°
as,2,à¦¸à§‹à¦®à¦¬à¦¾à§°
as,3,à¦®à¦™à§à¦—à¦²à¦¬à¦¾à§°
as,4,à¦¬à§à¦§à¦¬à¦¾à§°
as,5,à¦¬à§ƒà¦¹à¦¸à§à¦ªà¦¤à¦¿à¦¬à¦¾à§°
as,6,à¦¶à§à¦•à§à¦°à¦¬à¦¾à§°
as,7,à¦¶à¦¨à¦¿à¦¬à¦¾à§°
as_in,1,à§°à¦¬à¦¿à¦¬à¦¾à§°
as_in,2,à¦¸à§‹à¦®à¦¬à¦¾à§°
as_in,3,à¦®à¦™à§à¦—à¦²à¦¬à¦¾à§°
as_in,4,à¦¬à§à¦§à¦¬à¦¾à§°
as_in,5,à¦¬à§ƒà¦¹à¦¸à§à¦ªà¦¤à¦¿à¦¬à¦¾à§°
as_in,6,à¦¶à§à¦•à§à¦°à¦¬à¦¾à§°
as_in,7,à¦¶à¦¨à¦¿à¦¬à¦¾à§°
ast_es,1,domingu
ast_es,2,llunes
ast_es,3,martes
ast_es,4,miÃ©rcoles
ast_es,5,xueves
ast_es,6,vienres
ast_es,7,sÃ¡badu
ayc_pe,1,Sunday
ayc_pe,2,Monday
ayc_pe,3,Tuesday
ayc_pe,4,Wednesday
ayc_pe,5,Thursday
ayc_pe,6,Friday
ayc_pe,7,Saturday
az,1,bazar
az,2,bazar ert?si
az,3,ç?rþ?nb? axþamý
az,4,ç?rþ?nb?
az,5,cüm? axþamý
az,6,cüm?
az,7,þ?nb?
az_az,1,bazar
az_az,2,bazar ert?si
az_az,3,ç?rþ?nb? axþamý
az_az,4,ç?rþ?nb?
az_az,5,cüm? axþamý
az_az,6,cüm?
az_az,7,þ?nb?
az_ir,1,bazar
az_ir,2,bazar ert?si
az_ir,3,ç?rþ?nb? axþamý
az_ir,4,ç?rþ?nb?
az_ir,5,cüm? axþamý
az_ir,6,cüm?
az_ir,7,þ?nb?
be,1,íÿäçåëÿ
be,2,ïàíÿäçåëàê
be,3,à¢òîðàê
be,4,ñåðàäà
be,5,÷àöâåð
be,6,ïÿòí³öà
be,7,ñóáîòà
be_by,1,íÿäçåëÿ
be_by,2,ïàíÿäçåëàê
be_by,3,à¢òîðàê
be_by,4,ñåðàäà
be_by,5,÷àöâåð
be_by,6,ïÿòí³öà
be_by,7,ñóáîòà
bem_zm,1,Pa Mulungu
bem_zm,2,Palichimo
bem_zm,3,Palichibuli
bem_zm,4,Palichitatu
bem_zm,5,Palichine
bem_zm,6,Palichisano
bem_zm,7,Pachibelushi
ber_dz,1,Sunday
ber_dz,2,Monday
ber_dz,3,Tuesday
ber_dz,4,Wednesday
ber_dz,5,Thursday
ber_dz,6,Friday
ber_dz,7,Saturday
ber_ma,1,Sunday
ber_ma,2,Monday
ber_ma,3,Tuesday
ber_ma,4,Wednesday
ber_ma,5,Thursday
ber_ma,6,Friday
ber_ma,7,Saturday
bg,1,íåäåëÿ
bg,2,ïîíåäåëíèê
bg,3,âòîðíèê
bg,4,ñðÿäà
bg,5,÷åòâúðòúê
bg,6,ïåòúê
bg,7,ñúáîòà
bg_bg,1,íåäåëÿ
bg_bg,2,ïîíåäåëíèê
bg_bg,3,âòîðíèê
bg_bg,4,ñðÿäà
bg_bg,5,÷åòâúðòúê
bg_bg,6,ïåòúê
bg_bg,7,ñúáîòà
bho_in,1,Sunday
bho_in,2,Monday
bho_in,3,Tuesday
bho_in,4,Wednesday
bho_in,5,Thursday
bho_in,6,Friday
bho_in,7,Saturday
bho_np,1,Sunday
bho_np,2,Monday
bho_np,3,Tuesday
bho_np,4,Wednesday
bho_np,5,Thursday
bho_np,6,Friday
bho_np,7,Saturday
bi_vu,1,Sunday
bi_vu,2,Monday
bi_vu,3,Tuesday
bi_vu,4,Wednesday
bi_vu,5,Thursday
bi_vu,6,Friday
bi_vu,7,Saturday
bn_bd,1,à¦°à¦¬à¦¿à¦¬à¦¾à¦°
bn_bd,2,à¦¸à§‹à¦®à¦¬à¦¾à¦°
bn_bd,3,à¦®à¦™à§à¦—à¦²à¦¬à¦¾à¦°
bn_bd,4,à¦¬à§à¦§à¦¬à¦¾à¦°
bn_bd,5,à¦¬à§ƒà¦¹à¦¸à§à¦ªà¦¤à¦¿à¦¬à¦¾à¦°
bn_bd,6,à¦¶à§à¦•à§à¦°à¦¬à¦¾à¦°
bn_bd,7,à¦¶à¦¨à¦¿à¦¬à¦¾à¦°
bn_in,1,à¦°à¦¬à¦¿à¦¬à¦¾à¦°
bn_in,2,à¦¸à§‹à¦®à¦¬à¦¾à¦°
bn_in,3,à¦®à¦™à§à¦—à¦²à¦¬à¦¾à¦°
bn_in,4,à¦¬à§à¦§à¦¬à¦¾à¦°
bn_in,5,à¦¬à§ƒà¦¹à¦¸à§à¦ªà¦¤à¦¿à¦¬à¦¾à¦°
bn_in,6,à¦¶à§à¦•à§à¦°à¦¬à¦¾à¦°
bn_in,7,à¦¶à¦¨à¦¿à¦¬à¦¾à¦°
bo_cn,1,à½‚à½Ÿà½ à¼‹à½‰à½²à¼‹à½˜à¼
bo_cn,2,à½‚à½Ÿà½ à¼‹à½Ÿà¾³à¼‹à½–à¼
bo_cn,3,à½‚à½Ÿà½ à¼‹à½˜à½²à½‚à¼‹à½‘à½˜à½¢à¼
bo_cn,4,à½‚à½Ÿà½ à¼‹à½£à¾·à½‚à¼‹à½”à¼
bo_cn,5,à½‚à½Ÿà½ à¼‹à½•à½´à½¢à¼‹à½–à½´à¼
bo_cn,6,à½‚à½Ÿà½ à¼‹à½”à¼‹à½¦à½„à½¦à¼
bo_cn,7,à½‚à½Ÿà½ à¼‹à½¦à¾¤à½ºà½“à¼‹à½”à¼
bo_in,1,à½‚à½Ÿà½ à¼‹à½‰à½²à¼‹à½˜à¼‹
bo_in,2,à½‚à½Ÿà½ à¼‹à½Ÿà¾³à¼‹à½–à¼‹
bo_in,3,à½‚à½Ÿà½ à¼‹à½˜à½²à½‚à¼‹à½‘à½˜à½¢à¼‹
bo_in,4,à½‚à½Ÿà½ à¼‹à½£à¾·à½‚à¼‹à½”à¼‹
bo_in,5,à½‚à½Ÿà½ à¼‹à½•à½´à½¢à¼‹à½–à½´à¼‹
bo_in,6,à½‚à½Ÿà½ à¼‹à½”à¼‹à½¦à½„à½¦à¼‹
bo_in,7,à½‚à½Ÿà½ à¼‹à½¦à¾¤à½ºà½“à¼‹à½”à¼‹
br,1,Sul
br,2,Lun
br,3,Meurzh
br,4,Merc'her
br,5,Yaou
br,6,Gwener
br,7,Sadorn
br_fr,1,Sul
br_fr,2,Lun
br_fr,3,Meurzh
br_fr,4,Merc'her
br_fr,5,Yaou
br_fr,6,Gwener
br_fr,7,Sadorn
brx_in,1,à¤°à¤¬à¤¿à¤¬à¤¾à¤°
brx_in,2,à¤¸à¤®à¤¬à¤¾à¤°
brx_in,3,à¤®à¤‚à¤—à¤²à¤¬à¤¾à¤°
brx_in,4,à¤¬à¥à¤¦à¤¬à¤¾à¤°
brx_in,5,à¤¬à¤¿à¤¸à¤¥à¤¿à¤¬à¤¾à¤°
brx_in,6,à¤¸à¥à¤–à¥à¤°à¤¬à¤¾à¤°
brx_in,7,à¤¸à¥à¤¨à¤¿à¤¬à¤¾à¤°
bs,1,nedjelja
bs,2,ponedjeljak
bs,3,utorak
bs,4,srijeda
bs,5,èetvrtak
bs,6,petak
bs,7,subota
bs_ba,1,nedjelja
bs_ba,2,ponedjeljak
bs_ba,3,utorak
bs_ba,4,srijeda
bs_ba,5,èetvrtak
bs_ba,6,petak
bs_ba,7,subota
bulgarian,1,íåäåëÿ
bulgarian,2,ïîíåäåëíèê
bulgarian,3,âòîðíèê
bulgarian,4,ñðÿäà
bulgarian,5,÷åòâúðòúê
bulgarian,6,ïåòúê
bulgarian,7,ñúáîòà
byn_er,1,áˆ°áŠ•á‰ áˆ­ á‰…á‹³á‹…
byn_er,2,áˆ°áŠ‘
byn_er,3,áˆ°áˆŠáŒ
byn_er,4,áˆˆáŒ“ á‹ˆáˆª áˆˆá‰¥á‹‹
byn_er,5,áŠ£áˆá‹µ
byn_er,6,áŠ£áˆ­á‰¥
byn_er,7,áˆ°áŠ•á‰ áˆ­ áˆ½áŒ“á‹…
c-french,1,Sunday
c-french,2,Monday
c-french,3,Tuesday
c-french,4,Wednesday
c-french,5,Thursday
c-french,6,Friday
c-french,7,Saturday
c_c,1,Sunday
c_c,2,Monday
c_c,3,Tuesday
c_c,4,Wednesday
c_c,5,Thursday
c_c,6,Friday
c_c,7,Saturday
ca,1,diumenge
ca,2,dilluns
ca,3,dimarts
ca,4,dimecres
ca,5,dijous
ca,6,divendres
ca,7,dissabte
ca_ad,1,diumenge
ca_ad,2,dilluns
ca_ad,3,dimarts
ca_ad,4,dimecres
ca_ad,5,dijous
ca_ad,6,divendres
ca_ad,7,dissabte
ca_es,1,diumenge
ca_es,2,dilluns
ca_es,3,dimarts
ca_es,4,dimecres
ca_es,5,dijous
ca_es,6,divendres
ca_es,7,dissabte
ca_fr,1,diumenge
ca_fr,2,dilluns
ca_fr,3,dimarts
ca_fr,4,dimecres
ca_fr,5,dijous
ca_fr,6,divendres
ca_fr,7,dissabte
ca_it,1,diumenge
ca_it,2,dilluns
ca_it,3,dimarts
ca_it,4,dimecres
ca_it,5,dijous
ca_it,6,divendres
ca_it,7,dissabte
catalan,1,diumenge
catalan,2,dilluns
catalan,3,dimarts
catalan,4,dimecres
catalan,5,dijous
catalan,6,divendres
catalan,7,dissabte
ce_ru,1,ÐºÓ€Ð¸Ñ€Ð°
ce_ru,2,Ð¾Ñ€ÑˆÐ¾Ñ‚
ce_ru,3,ÑˆÐ¸Ð½Ð°Ñ€Ð°
ce_ru,4,ÐºÑ…Ð°Ð°Ñ€Ð°
ce_ru,5,ÐµÐ°Ñ€Ð°
ce_ru,6,Ð¿Ó€ÐµÑ€Ð°ÑÐºÐ°
ce_ru,7,ÑˆÑƒÐ¾Ñ‚
chr_us,1,áŽ¤áŽ¾á™á“á†ááŽ¬
chr_us,2,áŽ¤áŽ¾á™á“á‰á…áŽ¯
chr_us,3,á”áŽµááŽ¢áŽ¦
chr_us,4,á¦áŽ¢ááŽ¢áŽ¦
chr_us,5,á…áŽ©ááŽ¢áŽ¦
chr_us,6,á§áŽ¾áŽ©áŽ¶áá—
chr_us,7,áŽ¤áŽ¾á™á“áˆá•áŽ¾
ckb_iq,1,í?˜Ô?ãã?
ckb_iq,2,ÏææÔ?ãã?
ckb_iq,3,Ó?Ô?ãã?
ckb_iq,4,æÇÑÔ?ãã?
ckb_iq,5,?äÌÔ?ãã?
ckb_iq,6,ª?íäí
ckb_iq,7,Ô?ãã?
cmn_tw,1,Sunday
cmn_tw,2,Monday
cmn_tw,3,Tuesday
cmn_tw,4,Wednesday
cmn_tw,5,Thursday
cmn_tw,6,Friday
cmn_tw,7,Saturday
crh_ua,1,Sunday
crh_ua,2,Monday
crh_ua,3,Tuesday
crh_ua,4,Wednesday
crh_ua,5,Thursday
crh_ua,6,Friday
crh_ua,7,Saturday
croatian,1,nedjelja
croatian,2,ponedjeljak
croatian,3,utorak
croatian,4,srijeda
croatian,5,èetvrtak
croatian,6,petak
croatian,7,subota
cs,1,nedìle
cs,2,pondìlí
cs,3,úterý
cs,4,støeda
cs,5,ètvrtek
cs,6,pátek
cs,7,sobota
cs_cs,1,nedìle
cs_cs,2,pondìlí
cs_cs,3,úterý
cs_cs,4,støeda
cs_cs,5,ètvrtek
cs_cs,6,pátek
cs_cs,7,sobota
cs_cz,1,nedìle
cs_cz,2,pondìlí
cs_cz,3,úterý
cs_cz,4,støeda
cs_cz,5,ètvrtek
cs_cz,6,pátek
cs_cz,7,sobota
csb_pl,1,Sunday
csb_pl,2,Monday
csb_pl,3,Tuesday
csb_pl,4,Wednesday
csb_pl,5,Thursday
csb_pl,6,Friday
csb_pl,7,Saturday
cv_ru,1,Sunday
cv_ru,2,Monday
cv_ru,3,Tuesday
cv_ru,4,Wednesday
cv_ru,5,Thursday
cv_ru,6,Friday
cv_ru,7,Saturday
cy,1,Dydd Sul
cy,2,Dydd Llun
cy,3,Dydd Mawrth
cy,4,Dydd Mercher
cy,5,Dydd Iau
cy,6,Dydd Gwener
cy,7,Dydd Sadwrn
cy_gb,1,Dydd Sul
cy_gb,2,Dydd Llun
cy_gb,3,Dydd Mawrth
cy_gb,4,Dydd Mercher
cy_gb,5,Dydd Iau
cy_gb,6,Dydd Gwener
cy_gb,7,Dydd Sadwrn
cz,1,Sunday
cz,2,Monday
cz,3,Tuesday
cz,4,Wednesday
cz,5,Thursday
cz,6,Friday
cz,7,Saturday
cz_cz,1,Sunday
cz_cz,2,Monday
cz_cz,3,Tuesday
cz_cz,4,Wednesday
cz_cz,5,Thursday
cz_cz,6,Friday
cz_cz,7,Saturday
czech,1,nedìle
czech,2,pondìlí
czech,3,úterý
czech,4,støeda
czech,5,ètvrtek
czech,6,pátek
czech,7,sobota
da,1,søndag
da,2,mandag
da,3,tirsdag
da,4,onsdag
da,5,torsdag
da,6,fredag
da,7,lørdag
da_dk,1,søndag
da_dk,2,mandag
da_dk,3,tirsdag
da_dk,4,onsdag
da_dk,5,torsdag
da_dk,6,fredag
da_dk,7,lørdag
danish,1,søndag
danish,2,mandag
danish,3,tirsdag
danish,4,onsdag
danish,5,torsdag
danish,6,fredag
danish,7,lørdag
de,1,Sonntag
de,2,Montag
de,3,Dienstag
de,4,Mittwoch
de,5,Donnerstag
de,6,Freitag
de,7,Samstag
de_at,1,Sonntag
de_at,2,Montag
de_at,3,Dienstag
de_at,4,Mittwoch
de_at,5,Donnerstag
de_at,6,Freitag
de_at,7,Samstag
de_be,1,Sonntag
de_be,2,Montag
de_be,3,Dienstag
de_be,4,Mittwoch
de_be,5,Donnerstag
de_be,6,Freitag
de_be,7,Samstag
de_ch,1,Sonntag
de_ch,2,Montag
de_ch,3,Dienstag
de_ch,4,Mittwoch
de_ch,5,Donnerstag
de_ch,6,Freitag
de_ch,7,Samstag
de_de,1,Sonntag
de_de,2,Montag
de_de,3,Dienstag
de_de,4,Mittwoch
de_de,5,Donnerstag
de_de,6,Freitag
de_de,7,Samstag
de_it,1,Sonntag
de_it,2,Montag
de_it,3,Dienstag
de_it,4,Mittwoch
de_it,5,Donnerstag
de_it,6,Freitag
de_it,7,Samstag
de_lu,1,Sonntag
de_lu,2,Montag
de_lu,3,Dienstag
de_lu,4,Mittwoch
de_lu,5,Donnerstag
de_lu,6,Freitag
de_lu,7,Samstag
doi_in,1,Sunday
doi_in,2,Monday
doi_in,3,Tuesday
doi_in,4,Wednesday
doi_in,5,Thursday
doi_in,6,Friday
doi_in,7,Saturday
dutch,1,zondag
dutch,2,maandag
dutch,3,dinsdag
dutch,4,woensdag
dutch,5,donderdag
dutch,6,vrijdag
dutch,7,zaterdag
dv_mv,1,Þ‡Þ§Þ‹Þ©Þ‡Þ°ÞŒÞ¦
dv_mv,2,Þ€Þ¯Þ‰Þ¦
dv_mv,3,Þ‡Þ¦Þ‚Þ°ÞŽÞ§ÞƒÞ¦
dv_mv,4,Þ„ÞªÞ‹Þ¦
dv_mv,5,Þ„ÞªÞƒÞ§ÞÞ°ÞŠÞ¦ÞŒÞ¨
dv_mv,6,Þ€ÞªÞ†ÞªÞƒÞª
dv_mv,7,Þ€Þ®Þ‚Þ¨Þ€Þ¨ÞƒÞª
dz_bt,1,à½‚à½Ÿà½ à¼‹à½Ÿà¾³à¼‹à½–à¼‹
dz_bt,2,à½‚à½Ÿà½ à¼‹à½˜à½²à½‚à¼‹à½‘à½˜à½¢à¼‹
dz_bt,3,à½‚à½Ÿà½ à¼‹à½£à¾·à½‚à¼‹à½”à¼‹
dz_bt,4,à½‚à½Ÿà½ à¼‹à½•à½´à½¢à¼‹à½–à½´à¼‹
dz_bt,5,à½‚à½Ÿà½ à¼‹à½”à¼‹à½¦à½„à½¦à¼‹
dz_bt,6,à½‚à½Ÿà½ à¼‹à½¦à¾¤à½ºà½“à¼‹à½”à¼‹
dz_bt,7,à½‚à½Ÿà½ à¼‹à½‰à½²à¼‹à½˜à¼‹
ee,1,kÉ”siÉ–a
ee,2,dzoÉ–a
ee,3,blaÉ–a
ee,4,kuÉ–a
ee,5,yawoÉ–a
ee,6,fiÉ–a
ee,7,memleÉ–a
ee_ee,1,kÉ”siÉ–a
ee_ee,2,dzoÉ–a
ee_ee,3,blaÉ–a
ee_ee,4,kuÉ–a
ee_ee,5,yawoÉ–a
ee_ee,6,fiÉ–a
ee_ee,7,memleÉ–a
el,1,ÊõñéáêÞ
el,2,ÄåõôÝñá
el,3,Ôñßôç
el,4,ÔåôÜñôç
el,5,ÐÝìðôç
el,6,ÐáñáóêåõÞ
el,7,ÓÜââáôï
el_cy,1,ÊõñéáêÞ
el_cy,2,ÄåõôÝñá
el_cy,3,Ôñßôç
el_cy,4,ÔåôÜñôç
el_cy,5,ÐÝìðôç
el_cy,6,ÐáñáóêåõÞ
el_cy,7,ÓÜââáôï
el_gr,1,ÊõñéáêÞ
el_gr,2,ÄåõôÝñá
el_gr,3,Ôñßôç
el_gr,4,ÔåôÜñôç
el_gr,5,ÐÝìðôç
el_gr,6,ÐáñáóêåõÞ
el_gr,7,ÓÜââáôï
en,1,Sunday
en,2,Monday
en,3,Tuesday
en,4,Wednesday
en,5,Thursday
en,6,Friday
en,7,Saturday
en_ag,1,Sunday
en_ag,2,Monday
en_ag,3,Tuesday
en_ag,4,Wednesday
en_ag,5,Thursday
en_ag,6,Friday
en_ag,7,Saturday
en_au,1,Sunday
en_au,2,Monday
en_au,3,Tuesday
en_au,4,Wednesday
en_au,5,Thursday
en_au,6,Friday
en_au,7,Saturday
en_be,1,Sunday
en_be,2,Monday
en_be,3,Tuesday
en_be,4,Wednesday
en_be,5,Thursday
en_be,6,Friday
en_be,7,Saturday
en_bw,1,Sunday
en_bw,2,Monday
en_bw,3,Tuesday
en_bw,4,Wednesday
en_bw,5,Thursday
en_bw,6,Friday
en_bw,7,Saturday
en_ca,1,Sunday
en_ca,2,Monday
en_ca,3,Tuesday
en_ca,4,Wednesday
en_ca,5,Thursday
en_ca,6,Friday
en_ca,7,Saturday
en_dk,1,Sunday
en_dk,2,Monday
en_dk,3,Tuesday
en_dk,4,Wednesday
en_dk,5,Thursday
en_dk,6,Friday
en_dk,7,Saturday
en_gb,1,Sunday
en_gb,2,Monday
en_gb,3,Tuesday
en_gb,4,Wednesday
en_gb,5,Thursday
en_gb,6,Friday
en_gb,7,Saturday
en_hk,1,Sunday
en_hk,2,Monday
en_hk,3,Tuesday
en_hk,4,Wednesday
en_hk,5,Thursday
en_hk,6,Friday
en_hk,7,Saturday
en_ie,1,Sunday
en_ie,2,Monday
en_ie,3,Tuesday
en_ie,4,Wednesday
en_ie,5,Thursday
en_ie,6,Friday
en_ie,7,Saturday
en_il,1,Sunday
en_il,2,Monday
en_il,3,Tuesday
en_il,4,Wednesday
en_il,5,Thursday
en_il,6,Friday
en_il,7,Saturday
en_in,1,Sunday
en_in,2,Monday
en_in,3,Tuesday
en_in,4,Wednesday
en_in,5,Thursday
en_in,6,Friday
en_in,7,Saturday
en_ng,1,Sunday
en_ng,2,Monday
en_ng,3,Tuesday
en_ng,4,Wednesday
en_ng,5,Thursday
en_ng,6,Friday
en_ng,7,Saturday
en_nz,1,Sunday
en_nz,2,Monday
en_nz,3,Tuesday
en_nz,4,Wednesday
en_nz,5,Thursday
en_nz,6,Friday
en_nz,7,Saturday
en_ph,1,Sunday
en_ph,2,Monday
en_ph,3,Tuesday
en_ph,4,Wednesday
en_ph,5,Thursday
en_ph,6,Friday
en_ph,7,Saturday
en_sg,1,Sunday
en_sg,2,Monday
en_sg,3,Tuesday
en_sg,4,Wednesday
en_sg,5,Thursday
en_sg,6,Friday
en_sg,7,Saturday
en_uk,1,Sunday
en_uk,2,Monday
en_uk,3,Tuesday
en_uk,4,Wednesday
en_uk,5,Thursday
en_uk,6,Friday
en_uk,7,Saturday
en_us,1,Sunday
en_us,2,Monday
en_us,3,Tuesday
en_us,4,Wednesday
en_us,5,Thursday
en_us,6,Friday
en_us,7,Saturday
en_za,1,Sunday
en_za,2,Monday
en_za,3,Tuesday
en_za,4,Wednesday
en_za,5,Thursday
en_za,6,Friday
en_za,7,Saturday
en_zm,1,Sunday
en_zm,2,Monday
en_zm,3,Tuesday
en_zm,4,Wednesday
en_zm,5,Thursday
en_zm,6,Friday
en_zm,7,Saturday
en_zw,1,Sunday
en_zw,2,Monday
en_zw,3,Tuesday
en_zw,4,Wednesday
en_zw,5,Thursday
en_zw,6,Friday
en_zw,7,Saturday
eng_gb,1,Sunday
eng_gb,2,Monday
eng_gb,3,Tuesday
eng_gb,4,Wednesday
eng_gb,5,Thursday
eng_gb,6,Friday
eng_gb,7,Saturday
english,1,Sunday
english,2,Monday
english,3,Tuesday
english,4,Wednesday
english,5,Thursday
english,6,Friday
english,7,Saturday
english_uk,1,Sunday
english_uk,2,Monday
english_uk,3,Tuesday
english_uk,4,Wednesday
english_uk,5,Thursday
english_uk,6,Friday
english_uk,7,Saturday
english_united-states,1,Sunday
english_united-states,2,Monday
english_united-states,3,Tuesday
english_united-states,4,Wednesday
english_united-states,5,Thursday
english_united-states,6,Friday
english_united-states,7,Saturday
english_us,1,Sunday
english_us,2,Monday
english_us,3,Tuesday
english_us,4,Wednesday
english_us,5,Thursday
english_us,6,Friday
english_us,7,Saturday
eo,1,dimanÄ‰o
eo,2,lundo
eo,3,mardo
eo,4,merkredo
eo,5,ÄµaÅ­do
eo,6,vendredo
eo,7,sabato
eo_eo,1,dimanÄ‰o
eo_eo,2,lundo
eo_eo,3,mardo
eo_eo,4,merkredo
eo_eo,5,ÄµaÅ­do
eo_eo,6,vendredo
eo_eo,7,sabato
eo_xx,1,dimanÄ‰o
eo_xx,2,lundo
eo_xx,3,mardo
eo_xx,4,merkredo
eo_xx,5,ÄµaÅ­do
eo_xx,6,vendredo
eo_xx,7,sabato
es,1,domingo
es,2,lunes
es,3,martes
es,4,miércoles
es,5,jueves
es,6,viernes
es,7,sábado
es_ar,1,domingo
es_ar,2,lunes
es_ar,3,martes
es_ar,4,miércoles
es_ar,5,jueves
es_ar,6,viernes
es_ar,7,sábado
es_bo,1,domingo
es_bo,2,lunes
es_bo,3,martes
es_bo,4,miércoles
es_bo,5,jueves
es_bo,6,viernes
es_bo,7,sábado
es_cl,1,domingo
es_cl,2,lunes
es_cl,3,martes
es_cl,4,miércoles
es_cl,5,jueves
es_cl,6,viernes
es_cl,7,sábado
es_co,1,domingo
es_co,2,lunes
es_co,3,martes
es_co,4,miércoles
es_co,5,jueves
es_co,6,viernes
es_co,7,sábado
es_cr,1,domingo
es_cr,2,lunes
es_cr,3,martes
es_cr,4,miércoles
es_cr,5,jueves
es_cr,6,viernes
es_cr,7,sábado
es_cu,1,domingo
es_cu,2,lunes
es_cu,3,martes
es_cu,4,miércoles
es_cu,5,jueves
es_cu,6,viernes
es_cu,7,sábado
es_do,1,domingo
es_do,2,lunes
es_do,3,martes
es_do,4,miércoles
es_do,5,jueves
es_do,6,viernes
es_do,7,sábado
es_ec,1,domingo
es_ec,2,lunes
es_ec,3,martes
es_ec,4,miércoles
es_ec,5,jueves
es_ec,6,viernes
es_ec,7,sábado
es_es,1,domingo
es_es,2,lunes
es_es,3,martes
es_es,4,miércoles
es_es,5,jueves
es_es,6,viernes
es_es,7,sábado
es_gt,1,domingo
es_gt,2,lunes
es_gt,3,martes
es_gt,4,miércoles
es_gt,5,jueves
es_gt,6,viernes
es_gt,7,sábado
es_hn,1,domingo
es_hn,2,lunes
es_hn,3,martes
es_hn,4,miércoles
es_hn,5,jueves
es_hn,6,viernes
es_hn,7,sábado
es_mx,1,domingo
es_mx,2,lunes
es_mx,3,martes
es_mx,4,miércoles
es_mx,5,jueves
es_mx,6,viernes
es_mx,7,sábado
es_ni,1,domingo
es_ni,2,lunes
es_ni,3,martes
es_ni,4,miércoles
es_ni,5,jueves
es_ni,6,viernes
es_ni,7,sábado
es_pa,1,domingo
es_pa,2,lunes
es_pa,3,martes
es_pa,4,miércoles
es_pa,5,jueves
es_pa,6,viernes
es_pa,7,sábado
es_pe,1,domingo
es_pe,2,lunes
es_pe,3,martes
es_pe,4,miércoles
es_pe,5,jueves
es_pe,6,viernes
es_pe,7,sábado
es_pr,1,domingo
es_pr,2,lunes
es_pr,3,martes
es_pr,4,miércoles
es_pr,5,jueves
es_pr,6,viernes
es_pr,7,sábado
es_py,1,domingo
es_py,2,lunes
es_py,3,martes
es_py,4,miércoles
es_py,5,jueves
es_py,6,viernes
es_py,7,sábado
es_sv,1,domingo
es_sv,2,lunes
es_sv,3,martes
es_sv,4,miércoles
es_sv,5,jueves
es_sv,6,viernes
es_sv,7,sábado
es_us,1,domingo
es_us,2,lunes
es_us,3,martes
es_us,4,miércoles
es_us,5,jueves
es_us,6,viernes
es_us,7,sábado
es_uy,1,domingo
es_uy,2,lunes
es_uy,3,martes
es_uy,4,miércoles
es_uy,5,jueves
es_uy,6,viernes
es_uy,7,sábado
es_ve,1,domingo
es_ve,2,lunes
es_ve,3,martes
es_ve,4,miércoles
es_ve,5,jueves
es_ve,6,viernes
es_ve,7,sábado
estonian,1,pühapäev
estonian,2,esmaspäev
estonian,3,teisipäev
estonian,4,kolmapäev
estonian,5,neljapäev
estonian,6,reede
estonian,7,laupäev
et,1,pühapäev
et,2,esmaspäev
et,3,teisipäev
et,4,kolmapäev
et,5,neljapäev
et,6,reede
et,7,laupäev
et_ee,1,pühapäev
et_ee,2,esmaspäev
et_ee,3,teisipäev
et_ee,4,kolmapäev
et_ee,5,neljapäev
et_ee,6,reede
et_ee,7,laupäev
eu,1,igandea
eu,2,astelehena
eu,3,asteartea
eu,4,asteazkena
eu,5,osteguna
eu,6,ostirala
eu,7,larunbata
eu_es,1,igandea
eu_es,2,astelehena
eu_es,3,asteartea
eu_es,4,asteazkena
eu_es,5,osteguna
eu_es,6,ostirala
eu_es,7,larunbata
eu_fr,1,igandea
eu_fr,2,astelehena
eu_fr,3,asteartea
eu_fr,4,asteazkena
eu_fr,5,osteguna
eu_fr,6,ostirala
eu_fr,7,larunbata
fa,1,íßÔäÈå
fa,2,ÏæÔäÈå
fa,3,Óå ÔäÈå
fa,4,åÇÑÔäÈå
fa,5,äÌÔäÈå
fa,6,ÌãÚå
fa,7,ÔäÈå
fa_ir,1,íßÔäÈå
fa_ir,2,ÏæÔäÈå
fa_ir,3,Óå ÔäÈå
fa_ir,4,åÇÑÔäÈå
fa_ir,5,äÌÔäÈå
fa_ir,6,ÌãÚå
fa_ir,7,ÔäÈå
ff_sn,1,alete
ff_sn,2,altine
ff_sn,3,talaata
ff_sn,4,alarba
ff_sn,5,alkamiisa
ff_sn,6,aljumaa
ff_sn,7,asete
fi,1,sunnuntai
fi,2,maanantai
fi,3,tiistai
fi,4,keskiviikko
fi,5,torstai
fi,6,perjantai
fi,7,lauantai
fi_fi,1,sunnuntai
fi_fi,2,maanantai
fi_fi,3,tiistai
fi_fi,4,keskiviikko
fi_fi,5,torstai
fi_fi,6,perjantai
fi_fi,7,lauantai
fil_ph,1,Linggo
fil_ph,2,Lunes
fil_ph,3,Martes
fil_ph,4,Miyerkules
fil_ph,5,Huwebes
fil_ph,6,Biyernes
fil_ph,7,Sabado
finnish,1,sunnuntai
finnish,2,maanantai
finnish,3,tiistai
finnish,4,keskiviikko
finnish,5,torstai
finnish,6,perjantai
finnish,7,lauantai
fo,1,sunnudagur
fo,2,mánadagur
fo,3,týsdagur
fo,4,mikudagur
fo,5,hósdagur
fo,6,fríggjadagur
fo,7,leygardagur
fo_fo,1,sunnudagur
fo_fo,2,mánadagur
fo_fo,3,týsdagur
fo_fo,4,mikudagur
fo_fo,5,hósdagur
fo_fo,6,fríggjadagur
fo_fo,7,leygardagur
fr,1,dimanche
fr,2,lundi
fr,3,mardi
fr,4,mercredi
fr,5,jeudi
fr,6,vendredi
fr,7,samedi
fr_be,1,dimanche
fr_be,2,lundi
fr_be,3,mardi
fr_be,4,mercredi
fr_be,5,jeudi
fr_be,6,vendredi
fr_be,7,samedi
fr_ca,1,dimanche
fr_ca,2,lundi
fr_ca,3,mardi
fr_ca,4,mercredi
fr_ca,5,jeudi
fr_ca,6,vendredi
fr_ca,7,samedi
fr_ch,1,dimanche
fr_ch,2,lundi
fr_ch,3,mardi
fr_ch,4,mercredi
fr_ch,5,jeudi
fr_ch,6,vendredi
fr_ch,7,samedi
fr_fr,1,dimanche
fr_fr,2,lundi
fr_fr,3,mardi
fr_fr,4,mercredi
fr_fr,5,jeudi
fr_fr,6,vendredi
fr_fr,7,samedi
fr_lu,1,dimanche
fr_lu,2,lundi
fr_lu,3,mardi
fr_lu,4,mercredi
fr_lu,5,jeudi
fr_lu,6,vendredi
fr_lu,7,samedi
fre_fr,1,Sunday
fre_fr,2,Monday
fre_fr,3,Tuesday
fre_fr,4,Wednesday
fre_fr,5,Thursday
fre_fr,6,Friday
fre_fr,7,Saturday
french,1,dimanche
french,2,lundi
french,3,mardi
french,4,mercredi
french,5,jeudi
french,6,vendredi
french,7,samedi
french_france,1,dimanche
french_france,2,lundi
french_france,3,mardi
french_france,4,mercredi
french_france,5,jeudi
french_france,6,vendredi
french_france,7,samedi
fur_it,1,domenie
fur_it,2,lunis
fur_it,3,martars
fur_it,4,miercus
fur_it,5,joibe
fur_it,6,vinars
fur_it,7,sabide
fy_de,1,snein
fy_de,2,moandei
fy_de,3,tiisdei
fy_de,4,woansdei
fy_de,5,tongersdei
fy_de,6,freed
fy_de,7,sneon
fy_nl,1,snein
fy_nl,2,moandei
fy_nl,3,tiisdei
fy_nl,4,woansdei
fy_nl,5,tongersdei
fy_nl,6,freed
fy_nl,7,sneon
ga,1,Dé Domhnaigh
ga,2,Dé Luain
ga,3,Dé Máirt
ga,4,Dé Céadaoin
ga,5,Déardaoin
ga,6,Dé hAoine
ga,7,Dé Sathairn
ga_ie,1,Dé Domhnaigh
ga_ie,2,Dé Luain
ga_ie,3,Dé Máirt
ga_ie,4,Dé Céadaoin
ga_ie,5,Déardaoin
ga_ie,6,Dé hAoine
ga_ie,7,Dé Sathairn
galician,1,domingo
galician,2,luns
galician,3,martes
galician,4,mércores
galician,5,xoves
galician,6,venres
galician,7,sábado
gd,1,DiDòmhnaich
gd,2,DiLuain
gd,3,DiMàirt
gd,4,DiCiadain
gd,5,DiarDaoin
gd,6,DihAoine
gd,7,DiSathairne
gd_gb,1,DiDòmhnaich
gd_gb,2,DiLuain
gd_gb,3,DiMàirt
gd_gb,4,DiCiadain
gd_gb,5,DiarDaoin
gd_gb,6,DihAoine
gd_gb,7,DiSathairne
ger_de,1,Sunday
ger_de,2,Monday
ger_de,3,Tuesday
ger_de,4,Wednesday
ger_de,5,Thursday
ger_de,6,Friday
ger_de,7,Saturday
german,1,Sonntag
german,2,Montag
german,3,Dienstag
german,4,Mittwoch
german,5,Donnerstag
german,6,Freitag
german,7,Samstag
german_germany,1,Sonntag
german_germany,2,Montag
german_germany,3,Dienstag
german_germany,4,Mittwoch
german_germany,5,Donnerstag
german_germany,6,Freitag
german_germany,7,Samstag
gez_er,1,Sunday
gez_er,2,Monday
gez_er,3,Tuesday
gez_er,4,Wednesday
gez_er,5,Thursday
gez_er,6,Friday
gez_er,7,Saturday
gez_et,1,Sunday
gez_et,2,Monday
gez_et,3,Tuesday
gez_et,4,Wednesday
gez_et,5,Thursday
gez_et,6,Friday
gez_et,7,Saturday
gl,1,domingo
gl,2,luns
gl,3,martes
gl,4,mércores
gl,5,xoves
gl,6,venres
gl,7,sábado
gl_es,1,domingo
gl_es,2,luns
gl_es,3,martes
gl_es,4,mércores
gl_es,5,xoves
gl_es,6,venres
gl_es,7,sábado
greek,1,ÊõñéáêÞ
greek,2,ÄåõôÝñá
greek,3,Ôñßôç
greek,4,ÔåôÜñôç
greek,5,ÐÝìðôç
greek,6,ÐáñáóêåõÞ
greek,7,ÓÜââáôï
gu_in,1,àª°àªµàª¿àªµàª¾àª°
gu_in,2,àª¸à«‹àª®àªµàª¾àª°
gu_in,3,àª®àª‚àª—àª³àªµàª¾àª°
gu_in,4,àª¬à«àª§àªµàª¾àª°
gu_in,5,àª—à«àª°à«àªµàª¾àª°
gu_in,6,àª¶à«àª•à«àª°àªµàª¾àª°
gu_in,7,àª¶àª¨àª¿àªµàª¾àª°
gv,1,Jedoonee
gv,2,Jelhein
gv,3,Jemayrt
gv,4,Jercean
gv,5,Jerdein
gv,6,Jeheiney
gv,7,Jesarn
gv_gb,1,Jedoonee
gv_gb,2,Jelhein
gv_gb,3,Jemayrt
gv_gb,4,Jercean
gv_gb,5,Jerdein
gv_gb,6,Jeheiney
gv_gb,7,Jesarn
ha_ng,1,Lahadi
ha_ng,2,Litinin
ha_ng,3,Talata
ha_ng,4,Laraba
ha_ng,5,Alhamis
ha_ng,6,Jumma'a
ha_ng,7,Asabar
hak_tw,1,Sunday
hak_tw,2,Monday
hak_tw,3,Tuesday
hak_tw,4,Wednesday
hak_tw,5,Thursday
hak_tw,6,Friday
hak_tw,7,Saturday
he,1,éåí øàùåï
he,2,éåí ùðé
he,3,éåí ùìéùé
he,4,éåí øáéòé
he,5,éåí çîéùé
he,6,éåí ùéùé
he,7,ùáú
he_il,1,éåí øàùåï
he_il,2,éåí ùðé
he_il,3,éåí ùìéùé
he_il,4,éåí øáéòé
he_il,5,éåí çîéùé
he_il,6,éåí ùéùé
he_il,7,ùáú
hebrew,1,éåí øàùåï
hebrew,2,éåí ùðé
hebrew,3,éåí ùìéùé
hebrew,4,éåí øáéòé
hebrew,5,éåí çîéùé
hebrew,6,éåí ùéùé
hebrew,7,ùáú
hi,1,à¤°à¤µà¤¿à¤µà¤¾à¤°
hi,2,à¤¸à¥‹à¤®à¤µà¤¾à¤°
hi,3,à¤®à¤‚à¤—à¤²à¤µà¤¾à¤°
hi,4,à¤¬à¥à¤§à¤µà¤¾à¤°
hi,5,à¤—à¥à¤°à¥à¤µà¤¾à¤°
hi,6,à¤¶à¥à¤•à¥à¤°à¤µà¤¾à¤°
hi,7,à¤¶à¤¨à¤¿à¤µà¤¾à¤°
hi_in,1,à¤°à¤µà¤¿à¤µà¤¾à¤°
hi_in,2,à¤¸à¥‹à¤®à¤µà¤¾à¤°
hi_in,3,à¤®à¤‚à¤—à¤²à¤µà¤¾à¤°
hi_in,4,à¤¬à¥à¤§à¤µà¤¾à¤°
hi_in,5,à¤—à¥à¤°à¥à¤µà¤¾à¤°
hi_in,6,à¤¶à¥à¤•à¥à¤°à¤µà¤¾à¤°
hi_in,7,à¤¶à¤¨à¤¿à¤µà¤¾à¤°
hif_fj,1,Sunday
hif_fj,2,Monday
hif_fj,3,Tuesday
hif_fj,4,Wednesday
hif_fj,5,Thursday
hif_fj,6,Friday
hif_fj,7,Saturday
hne,1,Sunday
hne,2,Monday
hne,3,Tuesday
hne,4,Wednesday
hne,5,Thursday
hne,6,Friday
hne,7,Saturday
hne_in,1,Sunday
hne_in,2,Monday
hne_in,3,Tuesday
hne_in,4,Wednesday
hne_in,5,Thursday
hne_in,6,Friday
hne_in,7,Saturday
hr,1,nedjelja
hr,2,ponedjeljak
hr,3,utorak
hr,4,srijeda
hr,5,èetvrtak
hr,6,petak
hr,7,subota
hr_hr,1,nedjelja
hr_hr,2,ponedjeljak
hr_hr,3,utorak
hr_hr,4,srijeda
hr_hr,5,èetvrtak
hr_hr,6,petak
hr_hr,7,subota
hsb_de,1,njedzela
hsb_de,2,póndzela
hsb_de,3,wutora
hsb_de,4,srjeda
hsb_de,5,štwórtk
hsb_de,6,pjatk
hsb_de,7,sobota
ht_ht,1,Sunday
ht_ht,2,Monday
ht_ht,3,Tuesday
ht_ht,4,Wednesday
ht_ht,5,Thursday
ht_ht,6,Friday
ht_ht,7,Saturday
hu,1,vasárnap
hu,2,hétfõ
hu,3,kedd
hu,4,szerda
hu,5,csütörtök
hu,6,péntek
hu,7,szombat
hu_hu,1,vasárnap
hu_hu,2,hétfõ
hu_hu,3,kedd
hu_hu,4,szerda
hu_hu,5,csütörtök
hu_hu,6,péntek
hu_hu,7,szombat
hungarian,1,vasárnap
hungarian,2,hétfõ
hungarian,3,kedd
hungarian,4,szerda
hungarian,5,csütörtök
hungarian,6,péntek
hungarian,7,szombat
hy_am,1,Ô¿Õ«Ö€Õ¡Õ¯Õ«
hy_am,2,ÔµÖ€Õ¯Õ¸Ö‚Õ·Õ¡Õ¢Õ©Õ«
hy_am,3,ÔµÖ€Õ¥Ö„Õ·Õ¡Õ¢Õ©Õ«
hy_am,4,Õ‰Õ¸Ö€Õ¥Ö„Õ·Õ¡Õ¢Õ©Õ«
hy_am,5,Õ€Õ«Õ¶Õ£Õ·Õ¡Õ¢Õ©Õ«
hy_am,6,ÕˆÖ‚Ö€Õ¢Õ¡Õ©
hy_am,7,Õ‡Õ¡Õ¢Õ¡Õ©
ia,1,dominica
ia,2,lunedi
ia,3,martedi
ia,4,mercuridi
ia,5,jovedi
ia,6,venerdi
ia,7,sabbato
ia_fr,1,dominica
ia_fr,2,lunedi
ia_fr,3,martedi
ia_fr,4,mercuridi
ia_fr,5,jovedi
ia_fr,6,venerdi
ia_fr,7,sabbato
icelandic,1,sunnudagur
icelandic,2,mánudagur
icelandic,3,þriðjudagur
icelandic,4,miðvikudagur
icelandic,5,fimmtudagur
icelandic,6,föstudagur
icelandic,7,laugardagur
id,1,Minggu
id,2,Senin
id,3,Selasa
id,4,Rabu
id,5,Kamis
id,6,Jumat
id,7,Sabtu
id_id,1,Minggu
id_id,2,Senin
id_id,3,Selasa
id_id,4,Rabu
id_id,5,Kamis
id_id,6,Jumat
id_id,7,Sabtu
ig_ng,1,?b?ch? ?ka
ig_ng,2,M?nde
ig_ng,3,Tiuzdee
ig_ng,4,Wenezdee
ig_ng,5,T??zdee
ig_ng,6,Fra?dee
ig_ng,7,Sat?dee
ik_ca,1,Sunday
ik_ca,2,Monday
ik_ca,3,Tuesday
ik_ca,4,Wednesday
ik_ca,5,Thursday
ik_ca,6,Friday
ik_ca,7,Saturday
in,1,Sunday
in,2,Monday
in,3,Tuesday
in,4,Wednesday
in,5,Thursday
in,6,Friday
in,7,Saturday
in_id,1,Sunday
in_id,2,Monday
in_id,3,Tuesday
in_id,4,Wednesday
in_id,5,Thursday
in_id,6,Friday
in_id,7,Saturday
is,1,sunnudagur
is,2,mánudagur
is,3,þriðjudagur
is,4,miðvikudagur
is,5,fimmtudagur
is,6,föstudagur
is,7,laugardagur
is_is,1,sunnudagur
is_is,2,mánudagur
is_is,3,þriðjudagur
is_is,4,miðvikudagur
is_is,5,fimmtudagur
is_is,6,föstudagur
is_is,7,laugardagur
it,1,domenica
it,2,lunedì
it,3,martedì
it,4,mercoledì
it,5,giovedì
it,6,venerdì
it,7,sabato
it_ch,1,domenica
it_ch,2,lunedì
it_ch,3,martedì
it_ch,4,mercoledì
it_ch,5,giovedì
it_ch,6,venerdì
it_ch,7,sabato
it_it,1,domenica
it_it,2,lunedì
it_it,3,martedì
it_it,4,mercoledì
it_it,5,giovedì
it_it,6,venerdì
it_it,7,sabato
italian,1,domenica
italian,2,lunedì
italian,3,martedì
italian,4,mercoledì
italian,5,giovedì
italian,6,venerdì
italian,7,sabato
iu,1,Naattiinguja
iu,2,Naggajjau
iu,3,Aippiq
iu,4,Pingatsiq
iu,5,Sitammiq
iu,6,Tallirmiq
iu,7,Sivataarvik
iu_ca,1,Naattiinguja
iu_ca,2,Naggajjau
iu_ca,3,Aippiq
iu_ca,4,Pingatsiq
iu_ca,5,Sitammiq
iu_ca,6,Tallirmiq
iu_ca,7,Sivataarvik
iw,1,Sunday
iw,2,Monday
iw,3,Tuesday
iw,4,Wednesday
iw,5,Thursday
iw,6,Friday
iw,7,Saturday
iw_il,1,Sunday
iw_il,2,Monday
iw_il,3,Tuesday
iw_il,4,Wednesday
iw_il,5,Thursday
iw_il,6,Friday
iw_il,7,Saturday
ja,1,“ú—j“ú
ja,2,ŒŽ—j“ú
ja,3,‰Î—j“ú
ja,4,…—j“ú
ja,5,–Ø—j“ú
ja,6,‹à—j“ú
ja,7,“y—j“ú
ja_jp,1,“ú—j“ú
ja_jp,2,ŒŽ—j“ú
ja_jp,3,‰Î—j“ú
ja_jp,4,…—j“ú
ja_jp,5,–Ø—j“ú
ja_jp,6,‹à—j“ú
ja_jp,7,“y—j“ú
japanese,1,“ú—j“ú
japanese,2,ŒŽ—j“ú
japanese,3,‰Î—j“ú
japanese,4,…—j“ú
japanese,5,–Ø—j“ú
japanese,6,‹à—j“ú
japanese,7,“y—j“ú
jp_jp,1,Sunday
jp_jp,2,Monday
jp_jp,3,Tuesday
jp_jp,4,Wednesday
jp_jp,5,Thursday
jp_jp,6,Friday
jp_jp,7,Saturday
ka,1,áƒ™áƒ•áƒ˜áƒ áƒ
ka,2,áƒáƒ áƒ¨áƒáƒ‘áƒáƒ—áƒ˜
ka,3,áƒ¡áƒáƒ›áƒ¨áƒáƒ‘áƒáƒ—áƒ˜
ka,4,áƒáƒ—áƒ®áƒ¨áƒáƒ‘áƒáƒ—áƒ˜
ka,5,áƒ®áƒ£áƒ—áƒ¨áƒáƒ‘áƒáƒ—áƒ˜
ka,6,áƒžáƒáƒ áƒáƒ¡áƒ™áƒ”áƒ•áƒ˜
ka,7,áƒ¨áƒáƒ‘áƒáƒ—áƒ˜
ka_ge,1,áƒ™áƒ•áƒ˜áƒ áƒ
ka_ge,2,áƒáƒ áƒ¨áƒáƒ‘áƒáƒ—áƒ˜
ka_ge,3,áƒ¡áƒáƒ›áƒ¨áƒáƒ‘áƒáƒ—áƒ˜
ka_ge,4,áƒáƒ—áƒ®áƒ¨áƒáƒ‘áƒáƒ—áƒ˜
ka_ge,5,áƒ®áƒ£áƒ—áƒ¨áƒáƒ‘áƒáƒ—áƒ˜
ka_ge,6,áƒžáƒáƒ áƒáƒ¡áƒ™áƒ”áƒ•áƒ˜
ka_ge,7,áƒ¨áƒáƒ‘áƒáƒ—áƒ˜
kab_dz,1,Yanass
kab_dz,2,Sanass
kab_dz,3,Kraá¸ass
kab_dz,4,Kuáº“ass
kab_dz,5,Samass
kab_dz,6,Sá¸isass
kab_dz,7,Sayass
kk_kz,1,Ð¶ÐµÐºÑÐµÐ½Ð±Ñ–
kk_kz,2,Ð´Ò¯Ð¹ÑÐµÐ½Ð±Ñ–
kk_kz,3,ÑÐµÐ¹ÑÐµÐ½Ð±Ñ–
kk_kz,4,ÑÓ™Ñ€ÑÐµÐ½Ð±Ñ–
kk_kz,5,Ð±ÐµÐ¹ÑÐµÐ½Ð±Ñ–
kk_kz,6,Ð¶Ò±Ð¼Ð°
kk_kz,7,ÑÐµÐ½Ð±Ñ–
kl,1,sapaat
kl,2,ataasinngorneq
kl,3,marlunngorneq
kl,4,pingasunngorneq
kl,5,sisamanngorneq
kl,6,tallimanngorneq
kl,7,arfininngorneq
kl_gl,1,sapaat
kl_gl,2,ataasinngorneq
kl_gl,3,marlunngorneq
kl_gl,4,pingasunngorneq
kl_gl,5,sisamanngorneq
kl_gl,6,tallimanngorneq
kl_gl,7,arfininngorneq
km_kh,1,ážáŸ’áž„áŸƒáž¢áž¶áž‘áž·ážáŸ’áž™
km_kh,2,ážáŸ’áž„áŸƒáž…áŸáž“áŸ’áž‘
km_kh,3,ážáŸ’áž„áŸƒáž¢áž„áŸ’áž‚áž¶ážš
km_kh,4,ážáŸ’áž„áŸƒáž–áž»áž’
km_kh,5,ážáŸ’áž„áŸƒáž–áŸ’ážšáž ážŸáŸ’áž”ážáž·áŸ
km_kh,6,ážáŸ’áž„áŸƒážŸáž»áž€áŸ’ážš
km_kh,7,ážáŸ’áž„áŸƒážŸáŸ…ážšáŸ
kn,1,à²­à²¾à²¨à³à²µà²¾à²°
kn,2,à²¸à³‹à²®à²µà²¾à²°
kn,3,à²®à²‚à²—à²³à²µà²¾à²°
kn,4,à²¬à³à²§à²µà²¾à²°
kn,5,à²—à³à²°à³à²µà²¾à²°
kn,6,à²¶à³à²•à³à²°à²µà²¾à²°
kn,7,à²¶à²¨à²¿à²µà²¾à²°
kn_in,1,à²­à²¾à²¨à³à²µà²¾à²°
kn_in,2,à²¸à³‹à²®à²µà²¾à²°
kn_in,3,à²®à²‚à²—à²³à²µà²¾à²°
kn_in,4,à²¬à³à²§à²µà²¾à²°
kn_in,5,à²—à³à²°à³à²µà²¾à²°
kn_in,6,à²¶à³à²•à³à²°à²µà²¾à²°
kn_in,7,à²¶à²¨à²¿à²µà²¾à²°
ko,1,ÀÏ¿äÀÏ
ko,2,¿ù¿äÀÏ
ko,3,È­¿äÀÏ
ko,4,¼ö¿äÀÏ
ko,5,¸ñ¿äÀÏ
ko,6,±Ý¿äÀÏ
ko,7,Åä¿äÀÏ
ko_kr,1,ÀÏ¿äÀÏ
ko_kr,2,¿ù¿äÀÏ
ko_kr,3,È­¿äÀÏ
ko_kr,4,¼ö¿äÀÏ
ko_kr,5,¸ñ¿äÀÏ
ko_kr,6,±Ý¿äÀÏ
ko_kr,7,Åä¿äÀÏ
kok_in,1,à¤†à¤¯à¤¤à¤¾à¤°
kok_in,2,à¤¸à¥‹à¤®à¤¾à¤°
kok_in,3,à¤®à¤‚à¤—à¤³à¤¾à¤°
kok_in,4,à¤¬à¥à¤§à¤µà¤¾à¤°
kok_in,5,à¤¬à¤¿à¤°à¥‡à¤¸à¥à¤¤à¤¾à¤°
kok_in,6,à¤¸à¥à¤•à¥à¤°à¤¾à¤°
kok_in,7,à¤¶à¥‡à¤¨à¤µà¤¾à¤°
korean,1,ÀÏ¿äÀÏ
korean,2,¿ù¿äÀÏ
korean,3,È­¿äÀÏ
korean,4,¼ö¿äÀÏ
korean,5,¸ñ¿äÀÏ
korean,6,±Ý¿äÀÏ
korean,7,Åä¿äÀÏ
ks,1,Ø§ÙŽØªÚ¾ÙˆØ§Ø±
ks,2,Ú˜Ù”Ù†Ø¯Ø±Ù•Ø±ÙˆØ§Ø±
ks,3,Ø¨Û†Ù…ÙˆØ§Ø±
ks,4,Ø¨ÙˆØ¯ÙˆØ§Ø±
ks,5,Ø¨Ø±Ø Ø³ÙˆØ§Ø±
ks,6,Ø¬ÙÙ…Û
ks,7,Ø¨Ù¹ÙˆØ§Ø±
ks_in,1,Ø§ÙŽØªÚ¾ÙˆØ§Ø±
ks_in,2,Ú˜Ù”Ù†Ø¯Ø±Ù•Ø±ÙˆØ§Ø±
ks_in,3,Ø¨Û†Ù…ÙˆØ§Ø±
ks_in,4,Ø¨ÙˆØ¯ÙˆØ§Ø±
ks_in,5,Ø¨Ø±Ø Ø³ÙˆØ§Ø±
ks_in,6,Ø¬ÙÙ…Û
ks_in,7,Ø¨Ù¹ÙˆØ§Ø±
ku_tr,1,í?˜Ô?ãã?
ku_tr,2,ÏææÔ?ãã?
ku_tr,3,Ó?Ô?ãã?
ku_tr,4,æÇÑÔ?ãã?
ku_tr,5,?äÌÔ?ãã?
ku_tr,6,ª?íäí
ku_tr,7,Ô?ãã?
kw,1,dy Sul
kw,2,dy Lun
kw,3,dy Meurth
kw,4,dy Merher
kw,5,dy Yow
kw,6,dy Gwener
kw,7,dy Sadorn
kw_gb,1,dy Sul
kw_gb,2,dy Lun
kw_gb,3,dy Meurth
kw_gb,4,dy Merher
kw_gb,5,dy Yow
kw_gb,6,dy Gwener
kw_gb,7,dy Sadorn
ky,1,æåêøåìáè
ky,2,ä?éø?ìá?
ky,3,øåéøåìáè
ky,4,øàðøåìáè
ky,5,áåéøåìáè
ky,6,æóìà
ky,7,èøåìáè
ky_kg,1,æåêøåìáè
ky_kg,2,ä?éø?ìá?
ky_kg,3,øåéøåìáè
ky_kg,4,øàðøåìáè
ky_kg,5,áåéøåìáè
ky_kg,6,æóìà
ky_kg,7,èøåìáè
lb_lu,1,Sonndeg
lb_lu,2,Méindeg
lb_lu,3,Dënschdeg
lb_lu,4,Mëttwoch
lb_lu,5,Donneschdeg
lb_lu,6,Freideg
lb_lu,7,Samschdeg
lg_ug,1,Sabbiiti
lg_ug,2,Balaza
lg_ug,3,Lwakubiri
lg_ug,4,Lwakusatu
lg_ug,5,Lwakuna
lg_ug,6,Lwakutaano
lg_ug,7,Lwamukaaga
li_be,1,Sunday
li_be,2,Monday
li_be,3,Tuesday
li_be,4,Wednesday
li_be,5,Thursday
li_be,6,Friday
li_be,7,Saturday
li_nl,1,Sunday
li_nl,2,Monday
li_nl,3,Tuesday
li_nl,4,Wednesday
li_nl,5,Thursday
li_nl,6,Friday
li_nl,7,Saturday
lij_it,1,Sunday
lij_it,2,Monday
lij_it,3,Tuesday
lij_it,4,Wednesday
lij_it,5,Thursday
lij_it,6,Friday
lij_it,7,Saturday
lithuanian,1,sekmadienis
lithuanian,2,pirmadienis
lithuanian,3,antradienis
lithuanian,4,treèiadienis
lithuanian,5,ketvirtadienis
lithuanian,6,penktadienis
lithuanian,7,ðeðtadienis
ln_cd,1,eyenga
ln_cd,2,mokÉ”lÉ” mwa yambo
ln_cd,3,mokÉ”lÉ” mwa mÃ­balÃ©
ln_cd,4,mokÉ”lÉ” mwa mÃ­sÃ¡to
ln_cd,5,mokÉ”lÉ” ya mÃ­nÃ©i
ln_cd,6,mokÉ”lÉ” ya mÃ­tÃ¡no
ln_cd,7,mpÉ”ÌsÉ”
lo,1,àº§àº±àº™àº­àº²àº—àº´àº”
lo,2,àº§àº±àº™àºˆàº±àº™
lo,3,àº§àº±àº™àº­àº±àº‡àº„àº²àº™
lo,4,àº§àº±àº™àºžàº¸àº”
lo,5,àº§àº±àº™àºžàº°àº«àº±àº”
lo,6,àº§àº±àº™àºªàº¸àº
lo,7,àº§àº±àº™à»€àºªàº»àº²
lo_la,1,àº§àº±àº™àº­àº²àº—àº´àº”
lo_la,2,àº§àº±àº™àºˆàº±àº™
lo_la,3,àº§àº±àº™àº­àº±àº‡àº„àº²àº™
lo_la,4,àº§àº±àº™àºžàº¸àº”
lo_la,5,àº§àº±àº™àºžàº°àº«àº±àº”
lo_la,6,àº§àº±àº™àºªàº¸àº
lo_la,7,àº§àº±àº™à»€àºªàº»àº²
lt,1,sekmadienis
lt,2,pirmadienis
lt,3,antradienis
lt,4,treèiadienis
lt,5,ketvirtadienis
lt,6,penktadienis
lt,7,ðeðtadienis
lt_lt,1,sekmadienis
lt_lt,2,pirmadienis
lt_lt,3,antradienis
lt_lt,4,treèiadienis
lt_lt,5,ketvirtadienis
lt_lt,6,penktadienis
lt_lt,7,ðeðtadienis
lv,1,svçtdiena
lv,2,pirmdiena
lv,3,otrdiena
lv,4,treðdiena
lv,5,ceturtdiena
lv,6,piektdiena
lv,7,sestdiena
lv_lv,1,svçtdiena
lv_lv,2,pirmdiena
lv_lv,3,otrdiena
lv_lv,4,treðdiena
lv_lv,5,ceturtdiena
lv_lv,6,piektdiena
lv_lv,7,sestdiena
lzh_tw,1,Sunday
lzh_tw,2,Monday
lzh_tw,3,Tuesday
lzh_tw,4,Wednesday
lzh_tw,5,Thursday
lzh_tw,6,Friday
lzh_tw,7,Saturday
mag_in,1,Sunday
mag_in,2,Monday
mag_in,3,Tuesday
mag_in,4,Wednesday
mag_in,5,Thursday
mag_in,6,Friday
mag_in,7,Saturday
mai,1,Sunday
mai,2,Monday
mai,3,Tuesday
mai,4,Wednesday
mai,5,Thursday
mai,6,Friday
mai,7,Saturday
mai_in,1,Sunday
mai_in,2,Monday
mai_in,3,Tuesday
mai_in,4,Wednesday
mai_in,5,Thursday
mai_in,6,Friday
mai_in,7,Saturday
mai_np,1,Sunday
mai_np,2,Monday
mai_np,3,Tuesday
mai_np,4,Wednesday
mai_np,5,Thursday
mai_np,6,Friday
mai_np,7,Saturday
mfe_mu,1,dimans
mfe_mu,2,lindi
mfe_mu,3,mardi
mfe_mu,4,merkredi
mfe_mu,5,zedi
mfe_mu,6,vandredi
mfe_mu,7,samdi
mg_mg,1,Alahady
mg_mg,2,Alatsinainy
mg_mg,3,Talata
mg_mg,4,Alarobia
mg_mg,5,Alakamisy
mg_mg,6,Zoma
mg_mg,7,Asabotsy
mhr_ru,1,Sunday
mhr_ru,2,Monday
mhr_ru,3,Tuesday
mhr_ru,4,Wednesday
mhr_ru,5,Thursday
mhr_ru,6,Friday
mhr_ru,7,Saturday
mi,1,RÄtapu
mi,2,RÄhina
mi,3,RÄtÅ«
mi,4,RÄapa
mi,5,RÄpare
mi,6,RÄmere
mi,7,RÄhoroi
mi_nz,1,RÄtapu
mi_nz,2,RÄhina
mi_nz,3,RÄtÅ«
mi_nz,4,RÄapa
mi_nz,5,RÄpare
mi_nz,6,RÄmere
mi_nz,7,RÄhoroi
miq_ni,1,Sunday
miq_ni,2,Monday
miq_ni,3,Tuesday
miq_ni,4,Wednesday
miq_ni,5,Thursday
miq_ni,6,Friday
miq_ni,7,Saturday
mjw_in,1,Sunday
mjw_in,2,Monday
mjw_in,3,Tuesday
mjw_in,4,Wednesday
mjw_in,5,Thursday
mjw_in,6,Friday
mjw_in,7,Saturday
mk,1,íåäåëà
mk,2,ïîíåäåëíèê
mk,3,âòîðíèê
mk,4,ñðåäà
mk,5,÷åòâðòîê
mk,6,ïåòîê
mk,7,ñàáîòà
mk_mk,1,íåäåëà
mk_mk,2,ïîíåäåëíèê
mk_mk,3,âòîðíèê
mk_mk,4,ñðåäà
mk_mk,5,÷åòâðòîê
mk_mk,6,ïåòîê
mk_mk,7,ñàáîòà
ml,1,à´žà´¾à´¯à´±à´¾à´´àµâ€Œà´š
ml,2,à´¤à´¿à´™àµà´•à´³à´¾à´´àµâ€Œà´š
ml,3,à´šàµŠà´µàµà´µà´¾à´´àµà´š
ml,4,à´¬àµà´§à´¨à´¾à´´àµâ€Œà´š
ml,5,à´µàµà´¯à´¾à´´à´¾à´´àµâ€Œà´š
ml,6,à´µàµ†à´³àµà´³à´¿à´¯à´¾à´´àµâ€Œà´š
ml,7,à´¶à´¨à´¿à´¯à´¾à´´àµâ€Œà´š
ml_in,1,à´žà´¾à´¯à´±à´¾à´´àµâ€Œà´š
ml_in,2,à´¤à´¿à´™àµà´•à´³à´¾à´´àµâ€Œà´š
ml_in,3,à´šàµŠà´µàµà´µà´¾à´´àµà´š
ml_in,4,à´¬àµà´§à´¨à´¾à´´àµâ€Œà´š
ml_in,5,à´µàµà´¯à´¾à´´à´¾à´´àµâ€Œà´š
ml_in,6,à´µàµ†à´³àµà´³à´¿à´¯à´¾à´´àµâ€Œà´š
ml_in,7,à´¶à´¨à´¿à´¯à´¾à´´àµâ€Œà´š
mn_mn,1,íÿì
mn_mn,2,äàâàà
mn_mn,3,ìÿãìàð
mn_mn,4,ëõàãâà
mn_mn,5,ï?ðýâ
mn_mn,6,áààñàí
mn_mn,7,áÿìáà
mni_in,1,à¦¨à§‹à¦‚à¦®à¦¾à¦‡à¦œà¦¿à¦‚
mni_in,2,à¦¨à¦¿à¦‚à¦¥à§Œà¦•à¦¾à¦ƒà¦¬à¦¾
mni_in,3,à¦²à§ˆà¦ƒà¦ªà¦¾à¦• à¦ªà§‹à¦•à¦ªà¦¾
mni_in,4,à§Ÿà§à¦®à¦¶à¦¾ à¦•à§ˆà¦¶à¦¾
mni_in,5,à¦¸à¦—à§‹à¦¨à¦¸à§‡à¦²
mni_in,6,à¦‡à¦°à¦¾à¦‡
mni_in,7,à¦¥à¦¾à¦‚à¦œà¦¾
mr,1,à¤°à¤µà¤¿à¤µà¤¾à¤°
mr,2,à¤¸à¥‹à¤®à¤µà¤¾à¤°
mr,3,à¤®à¤‚à¤—à¤³à¤µà¤¾à¤°
mr,4,à¤¬à¥à¤§à¤µà¤¾à¤°
mr,5,à¤—à¥à¤°à¥à¤µà¤¾à¤°
mr,6,à¤¶à¥à¤•à¥à¤°à¤µà¤¾à¤°
mr,7,à¤¶à¤¨à¤¿à¤µà¤¾à¤°
mr_in,1,à¤°à¤µà¤¿à¤µà¤¾à¤°
mr_in,2,à¤¸à¥‹à¤®à¤µà¤¾à¤°
mr_in,3,à¤®à¤‚à¤—à¤³à¤µà¤¾à¤°
mr_in,4,à¤¬à¥à¤§à¤µà¤¾à¤°
mr_in,5,à¤—à¥à¤°à¥à¤µà¤¾à¤°
mr_in,6,à¤¶à¥à¤•à¥à¤°à¤µà¤¾à¤°
mr_in,7,à¤¶à¤¨à¤¿à¤µà¤¾à¤°
ms,1,Ahad
ms,2,Isnin
ms,3,Selasa
ms,4,Rabu
ms,5,Khamis
ms,6,Jumaat
ms,7,Sabtu
ms_my,1,Ahad
ms_my,2,Isnin
ms_my,3,Selasa
ms_my,4,Rabu
ms_my,5,Khamis
ms_my,6,Jumaat
ms_my,7,Sabtu
mt,1,Il-Ä¦add
mt,2,It-Tnejn
mt,3,It-Tlieta
mt,4,L-ErbgÄ§a
mt,5,Il-Ä¦amis
mt,6,Il-Ä imgÄ§a
mt,7,Is-Sibt
mt_mt,1,Il-Ä¦add
mt_mt,2,It-Tnejn
mt_mt,3,It-Tlieta
mt_mt,4,L-ErbgÄ§a
mt_mt,5,Il-Ä¦amis
mt_mt,6,Il-Ä imgÄ§a
mt_mt,7,Is-Sibt
my_mm,1,á€á€”á€„á€ºá€¹á€‚á€”á€½á€±
my_mm,2,á€á€”á€„á€ºá€¹á€œá€¬
my_mm,3,á€¡á€„á€ºá€¹á€‚á€«
my_mm,4,á€—á€¯á€’á€¹á€“á€Ÿá€°á€¸
my_mm,5,á€€á€¼á€¬á€žá€•á€á€±á€¸
my_mm,6,á€žá€±á€¬á€€á€¼á€¬
my_mm,7,á€…á€”á€±
nan_tw,1,Sunday
nan_tw,2,Monday
nan_tw,3,Tuesday
nan_tw,4,Wednesday
nan_tw,5,Thursday
nan_tw,6,Friday
nan_tw,7,Saturday
nb,1,søndag
nb,2,mandag
nb,3,tirsdag
nb,4,onsdag
nb,5,torsdag
nb,6,fredag
nb,7,lørdag
nb_no,1,søndag
nb_no,2,mandag
nb_no,3,tirsdag
nb_no,4,onsdag
nb_no,5,torsdag
nb_no,6,fredag
nb_no,7,lørdag
nds_de,1,SÃ¼nndag
nds_de,2,Maandag
nds_de,3,Dingsdag
nds_de,4,Middeweken
nds_de,5,Dunnersdag
nds_de,6,Freedag
nds_de,7,SÃ¼nnavend
nds_nl,1,SÃ¼nndag
nds_nl,2,Maandag
nds_nl,3,Dingsdag
nds_nl,4,Middeweken
nds_nl,5,Dunnersdag
nds_nl,6,Freedag
nds_nl,7,SÃ¼nnavend
ne_np,1,à¤†à¤‡à¤¤à¤µà¤¾à¤°
ne_np,2,à¤¸à¥‹à¤®à¤µà¤¾à¤°
ne_np,3,à¤®à¤™à¥à¤—à¤²à¤µà¤¾à¤°
ne_np,4,à¤¬à¥à¤§à¤µà¤¾à¤°
ne_np,5,à¤¬à¤¿à¤¹à¥€à¤µà¤¾à¤°
ne_np,6,à¤¶à¥à¤•à¥à¤°à¤µà¤¾à¤°
ne_np,7,à¤¶à¤¨à¤¿à¤µà¤¾à¤°
nhn_mx,1,Sunday
nhn_mx,2,Monday
nhn_mx,3,Tuesday
nhn_mx,4,Wednesday
nhn_mx,5,Thursday
nhn_mx,6,Friday
nhn_mx,7,Saturday
niu_nu,1,Sunday
niu_nu,2,Monday
niu_nu,3,Tuesday
niu_nu,4,Wednesday
niu_nu,5,Thursday
niu_nu,6,Friday
niu_nu,7,Saturday
niu_nz,1,Sunday
niu_nz,2,Monday
niu_nz,3,Tuesday
niu_nz,4,Wednesday
niu_nz,5,Thursday
niu_nz,6,Friday
niu_nz,7,Saturday
nl,1,zondag
nl,2,maandag
nl,3,dinsdag
nl,4,woensdag
nl,5,donderdag
nl,6,vrijdag
nl,7,zaterdag
nl_aw,1,zondag
nl_aw,2,maandag
nl_aw,3,dinsdag
nl_aw,4,woensdag
nl_aw,5,donderdag
nl_aw,6,vrijdag
nl_aw,7,zaterdag
nl_be,1,zondag
nl_be,2,maandag
nl_be,3,dinsdag
nl_be,4,woensdag
nl_be,5,donderdag
nl_be,6,vrijdag
nl_be,7,zaterdag
nl_nl,1,zondag
nl_nl,2,maandag
nl_nl,3,dinsdag
nl_nl,4,woensdag
nl_nl,5,donderdag
nl_nl,6,vrijdag
nl_nl,7,zaterdag
nn,1,søndag
nn,2,måndag
nn,3,tysdag
nn,4,onsdag
nn,5,torsdag
nn,6,fredag
nn,7,laurdag
nn_no,1,søndag
nn_no,2,måndag
nn_no,3,tysdag
nn_no,4,onsdag
nn_no,5,torsdag
nn_no,6,fredag
nn_no,7,laurdag
no,1,søndag
no,2,mandag
no,3,tirsdag
no,4,onsdag
no,5,torsdag
no,6,fredag
no,7,lørdag
no_no,1,søndag
no_no,2,mandag
no_no,3,tirsdag
no_no,4,onsdag
no_no,5,torsdag
no_no,6,fredag
no_no,7,lørdag
norwegian,1,søndag
norwegian,2,mandag
norwegian,3,tirsdag
norwegian,4,onsdag
norwegian,5,torsdag
norwegian,6,fredag
norwegian,7,lørdag
nr,1,uSonto
nr,2,uMvulo
nr,3,uLesibili
nr,4,Lesithathu
nr,5,uLesine
nr,6,ngoLesihlanu
nr,7,umGqibelo
nr_za,1,uSonto
nr_za,2,uMvulo
nr_za,3,uLesibili
nr_za,4,Lesithathu
nr_za,5,uLesine
nr_za,6,ngoLesihlanu
nr_za,7,umGqibelo
nso,1,Lamorena
nso,2,Musopologo
nso,3,Labobedi
nso,4,Laboraro
nso,5,Labone
nso,6,Labohlano
nso,7,Mokibelo
nso_za,1,Lamorena
nso_za,2,Musopologo
nso_za,3,Labobedi
nso_za,4,Laboraro
nso_za,5,Labone
nso_za,6,Labohlano
nso_za,7,Mokibelo
ny,1,Sunday
ny,2,Monday
ny,3,Tuesday
ny,4,Wednesday
ny,5,Thursday
ny,6,Friday
ny,7,Saturday
ny_no,1,Sunday
ny_no,2,Monday
ny_no,3,Tuesday
ny_no,4,Wednesday
ny_no,5,Thursday
ny_no,6,Friday
ny_no,7,Saturday
oc,1,dimenge
oc,2,diluns
oc,3,dimarts
oc,4,dimècres
oc,5,dijòus
oc,6,divendres
oc,7,dissabte
oc_fr,1,dimenge
oc_fr,2,diluns
oc_fr,3,dimarts
oc_fr,4,dimècres
oc_fr,5,dijòus
oc_fr,6,divendres
oc_fr,7,dissabte
om_et,1,Dilbata
om_et,2,Wiixata
om_et,3,Qibxata
om_et,4,Roobii
om_et,5,Kamiisa
om_et,6,Jimaata
om_et,7,Sanbata
om_ke,1,Dilbata
om_ke,2,Wiixata
om_ke,3,Qibxata
om_ke,4,Roobii
om_ke,5,Kamiisa
om_ke,6,Jimaata
om_ke,7,Sanbata
or,1,à¬°à¬¬à¬¿à¬¬à¬¾à¬°
or,2,à¬¸à­‡à¬¾à¬®à¬¬à¬¾à¬°
or,3,à¬®à¬™à­à¬—à¬³à¬¬à¬¾à¬°
or,4,à¬¬à­à¬§à¬¬à¬¾à¬°
or,5,à¬—à­à¬°à­à¬¬à¬¾à¬°
or,6,à¬¶à­à¬•à­à¬°à¬¬à¬¾à¬°
or,7,à¬¶à¬¨à¬¿à¬¬à¬¾à¬°
or_in,1,à¬°à¬¬à¬¿à¬¬à¬¾à¬°
or_in,2,à¬¸à­‡à¬¾à¬®à¬¬à¬¾à¬°
or_in,3,à¬®à¬™à­à¬—à¬³à¬¬à¬¾à¬°
or_in,4,à¬¬à­à¬§à¬¬à¬¾à¬°
or_in,5,à¬—à­à¬°à­à¬¬à¬¾à¬°
or_in,6,à¬¶à­à¬•à­à¬°à¬¬à¬¾à¬°
or_in,7,à¬¶à¬¨à¬¿à¬¬à¬¾à¬°
os_ru,1,Ñ…ÑƒÑ‹Ñ†Ð°ÑƒÐ±Ð¾Ð½
os_ru,2,ÐºÑŠÑƒÑ‹Ñ€Ð¸ÑÓ•Ñ€
os_ru,3,Ð´Ñ‹Ñ†Ñ†Ó•Ð³
os_ru,4,Ó•Ñ€Ñ‚Ñ‹Ñ†Ñ†Ó•Ð³
os_ru,5,Ñ†Ñ‹Ð¿Ð¿Ó•Ñ€Ó•Ð¼
os_ru,6,Ð¼Ð°Ð¹Ñ€Ó•Ð¼Ð±Ð¾Ð½
os_ru,7,ÑÐ°Ð±Ð°Ñ‚
pa,1,à¨à¨¤à¨µà¨¾à¨°
pa,2,à¨¸à©‹à¨®à¨µà¨¾à¨°
pa,3,à¨®à©°à¨—à¨²à¨µà¨¾à¨°
pa,4,à¨¬à©à©±à¨§à¨µà¨¾à¨°
pa,5,à¨µà©€à¨°à¨µà¨¾à¨°
pa,6,à¨¶à©à©±à¨•à¨°à¨µà¨¾à¨°
pa,7,à¨¶à¨¨à¨¿à©±à¨šà¨°à¨µà¨¾à¨°
pa_in,1,à¨à¨¤à¨µà¨¾à¨°
pa_in,2,à¨¸à©‹à¨®à¨µà¨¾à¨°
pa_in,3,à¨®à©°à¨—à¨²à¨µà¨¾à¨°
pa_in,4,à¨¬à©à©±à¨§à¨µà¨¾à¨°
pa_in,5,à¨µà©€à¨°à¨µà¨¾à¨°
pa_in,6,à¨¶à©à©±à¨•à¨°à¨µà¨¾à¨°
pa_in,7,à¨¶à¨¨à¨¿à©±à¨šà¨°à¨µà¨¾à¨°
pa_pk,1,à¨à¨¤à¨µà¨¾à¨°
pa_pk,2,à¨¸à©‹à¨®à¨µà¨¾à¨°
pa_pk,3,à¨®à©°à¨—à¨²à¨µà¨¾à¨°
pa_pk,4,à¨¬à©à©±à¨§à¨µà¨¾à¨°
pa_pk,5,à¨µà©€à¨°à¨µà¨¾à¨°
pa_pk,6,à¨¶à©à©±à¨•à¨°à¨µà¨¾à¨°
pa_pk,7,à¨¶à¨¨à¨¿à©±à¨šà¨°à¨µà¨¾à¨°
pap_an,1,diadomingo
pap_an,2,dialuna
pap_an,3,diamars
pap_an,4,diawebs
pap_an,5,diarazon
pap_an,6,diabierna
pap_an,7,diasabra
pap_aw,1,diadomingo
pap_aw,2,dialuna
pap_aw,3,diamars
pap_aw,4,diawebs
pap_aw,5,diarazon
pap_aw,6,diabierna
pap_aw,7,diasabra
pap_cw,1,diadomingo
pap_cw,2,dialuna
pap_cw,3,diamars
pap_cw,4,diawebs
pap_cw,5,diarazon
pap_cw,6,diabierna
pap_cw,7,diasabra
pd,1,Sunday
pd,2,Monday
pd,3,Tuesday
pd,4,Wednesday
pd,5,Thursday
pd,6,Friday
pd,7,Saturday
pd_de,1,Sunday
pd_de,2,Monday
pd_de,3,Tuesday
pd_de,4,Wednesday
pd_de,5,Thursday
pd_de,6,Friday
pd_de,7,Saturday
pd_us,1,Sunday
pd_us,2,Monday
pd_us,3,Tuesday
pd_us,4,Wednesday
pd_us,5,Thursday
pd_us,6,Friday
pd_us,7,Saturday
ph,1,Sunday
ph,2,Monday
ph,3,Tuesday
ph,4,Wednesday
ph,5,Thursday
ph,6,Friday
ph,7,Saturday
ph_ph,1,Sunday
ph_ph,2,Monday
ph_ph,3,Tuesday
ph_ph,4,Wednesday
ph_ph,5,Thursday
ph_ph,6,Friday
ph_ph,7,Saturday
pl,1,niedziela
pl,2,poniedzia³ek
pl,3,wtorek
pl,4,œroda
pl,5,czwartek
pl,6,pi¹tek
pl,7,sobota
pl_pl,1,niedziela
pl_pl,2,poniedzia³ek
pl_pl,3,wtorek
pl_pl,4,œroda
pl_pl,5,czwartek
pl_pl,6,pi¹tek
pl_pl,7,sobota
polish,1,niedziela
polish,2,poniedzia³ek
polish,3,wtorek
polish,4,œroda
polish,5,czwartek
polish,6,pi¹tek
polish,7,sobota
portuguese,1,domingo
portuguese,2,segunda-feira
portuguese,3,terça-feira
portuguese,4,quarta-feira
portuguese,5,quinta-feira
portuguese,6,sexta-feira
portuguese,7,sábado
portuguese_brazil,1,domingo
portuguese_brazil,2,segunda-feira
portuguese_brazil,3,terça-feira
portuguese_brazil,4,quarta-feira
portuguese_brazil,5,quinta-feira
portuguese_brazil,6,sexta-feira
portuguese_brazil,7,sábado
pp,1,Sunday
pp,2,Monday
pp,3,Tuesday
pp,4,Wednesday
pp,5,Thursday
pp,6,Friday
pp,7,Saturday
pp_an,1,Sunday
pp_an,2,Monday
pp_an,3,Tuesday
pp_an,4,Wednesday
pp_an,5,Thursday
pp_an,6,Friday
pp_an,7,Saturday
ps_af,1,ÙŠÙˆÙ†Û
ps_af,2,Ø¯ÙˆÙ†Û
ps_af,3,Ø¯Ø±ÛÙ†Û
ps_af,4,Ú…Ù„Ø±Ù†Û
ps_af,5,Ù¾ÙŠÙ†ÚÙ†Û
ps_af,6,Ø¬Ù…Ø¹Ù‡
ps_af,7,Ø§ÙˆÙ†Û
pt,1,domingo
pt,2,segunda-feira
pt,3,terça-feira
pt,4,quarta-feira
pt,5,quinta-feira
pt,6,sexta-feira
pt,7,sábado
pt_br,1,domingo
pt_br,2,segunda-feira
pt_br,3,terça-feira
pt_br,4,quarta-feira
pt_br,5,quinta-feira
pt_br,6,sexta-feira
pt_br,7,sábado
pt_pt,1,domingo
pt_pt,2,segunda-feira
pt_pt,3,terça-feira
pt_pt,4,quarta-feira
pt_pt,5,quinta-feira
pt_pt,6,sexta-feira
pt_pt,7,sábado
quz_pe,1,Domingo
quz_pe,2,Lunes
quz_pe,3,Martes
quz_pe,4,Miércoles
quz_pe,5,Jueves
quz_pe,6,Viernes
quz_pe,7,Sábado
raj_in,1,Sunday
raj_in,2,Monday
raj_in,3,Tuesday
raj_in,4,Wednesday
raj_in,5,Thursday
raj_in,6,Friday
raj_in,7,Saturday
ro,1,duminicã
ro,2,luni
ro,3,mar?i
ro,4,miercuri
ro,5,joi
ro,6,vineri
ro,7,sâmbãtã
ro_ro,1,duminicã
ro_ro,2,luni
ro_ro,3,mar?i
ro_ro,4,miercuri
ro_ro,5,joi
ro_ro,6,vineri
ro_ro,7,sâmbãtã
romanian,1,duminicã
romanian,2,luni
romanian,3,mar?i
romanian,4,miercuri
romanian,5,joi
romanian,6,vineri
romanian,7,sâmbãtã
ru,1,âîñêðåñåíüå
ru,2,ïîíåäåëüíèê
ru,3,âòîðíèê
ru,4,ñðåäà
ru,5,÷åòâåðã
ru,6,ïÿòíèöà
ru,7,ñóááîòà
ru_ru,1,âîñêðåñåíüå
ru_ru,2,ïîíåäåëüíèê
ru_ru,3,âòîðíèê
ru_ru,4,ñðåäà
ru_ru,5,÷åòâåðã
ru_ru,6,ïÿòíèöà
ru_ru,7,ñóááîòà
ru_ua,1,âîñêðåñåíüå
ru_ua,2,ïîíåäåëüíèê
ru_ua,3,âòîðíèê
ru_ua,4,ñðåäà
ru_ua,5,÷åòâåðã
ru_ua,6,ïÿòíèöà
ru_ua,7,ñóááîòà
russian,1,âîñêðåñåíüå
russian,2,ïîíåäåëüíèê
russian,3,âòîðíèê
russian,4,ñðåäà
russian,5,÷åòâåðã
russian,6,ïÿòíèöà
russian,7,ñóááîòà
rw,1,Ku cyumweru
rw,2,Kuwa mbere
rw,3,Kuwa kabiri
rw,4,Kuwa gatatu
rw,5,Kuwa kane
rw,6,Kuwa gatanu
rw,7,Kuwa gatandatu
rw_rw,1,Ku cyumweru
rw_rw,2,Kuwa mbere
rw_rw,3,Kuwa kabiri
rw_rw,4,Kuwa gatatu
rw_rw,5,Kuwa kane
rw_rw,6,Kuwa gatanu
rw_rw,7,Kuwa gatandatu
sa_in,1,à¤°à¤µà¤¿à¤µà¤¾à¤¸à¤°à¤ƒ
sa_in,2,à¤¸à¥‹à¤®à¤µà¤¾à¤¸à¤°à¤ƒ
sa_in,3,à¤®à¤™à¥à¤—à¤²à¤µà¤¾à¤¸à¤°à¤ƒ
sa_in,4,à¤¬à¥à¤§à¤µà¤¾à¤¸à¤°à¤ƒ
sa_in,5,à¤—à¥à¤°à¥à¤µà¤¾à¤¸à¤°à¤ƒ
sa_in,6,à¤¶à¥à¤•à¥à¤°à¤µà¤¾à¤¸à¤°à¤ƒ
sa_in,7,à¤¶à¤¨à¤¿à¤µà¤¾à¤¸à¤°à¤ƒ
sat_in,1,Sunday
sat_in,2,Monday
sat_in,3,Tuesday
sat_in,4,Wednesday
sat_in,5,Thursday
sat_in,6,Friday
sat_in,7,Saturday
sc_it,1,Sunday
sc_it,2,Monday
sc_it,3,Tuesday
sc_it,4,Wednesday
sc_it,5,Thursday
sc_it,6,Friday
sc_it,7,Saturday
sd,1,ÓæãÑ
sd,2,Ç?ÇÑæ
sd,3,ÇÑÈÚ
sd,4,ÎãíÓ
sd,5,ÌãÚæ
sd,6,?ä?Ñ
sd,7,ÂÑ
sd_in,1,ÓæãÑ
sd_in,2,Ç?ÇÑæ
sd_in,3,ÇÑÈÚ
sd_in,4,ÎãíÓ
sd_in,5,ÌãÚæ
sd_in,6,?ä?Ñ
sd_in,7,ÂÑ
sd_pk,1,ÓæãÑ
sd_pk,2,Ç?ÇÑæ
sd_pk,3,ÇÑÈÚ
sd_pk,4,ÎãíÓ
sd_pk,5,ÌãÚæ
sd_pk,6,?ä?Ñ
sd_pk,7,ÂÑ
se_no,1,sotnabeaivi
se_no,2,vuossárga
se_no,3,ma??ebárga
se_no,4,gaskavahkku
se_no,5,duorasdat
se_no,6,bearjadat
se_no,7,lávvardat
sgs_lt,1,Sunday
sgs_lt,2,Monday
sgs_lt,3,Tuesday
sgs_lt,4,Wednesday
sgs_lt,5,Thursday
sgs_lt,6,Friday
sgs_lt,7,Saturday
sh,1,Sunday
sh,2,Monday
sh,3,Tuesday
sh,4,Wednesday
sh,5,Thursday
sh,6,Friday
sh,7,Saturday
sh_hr,1,Sunday
sh_hr,2,Monday
sh_hr,3,Tuesday
sh_hr,4,Wednesday
sh_hr,5,Thursday
sh_hr,6,Friday
sh_hr,7,Saturday
sh_sp,1,Sunday
sh_sp,2,Monday
sh_sp,3,Tuesday
sh_sp,4,Wednesday
sh_sp,5,Thursday
sh_sp,6,Friday
sh_sp,7,Saturday
sh_yu,1,Sunday
sh_yu,2,Monday
sh_yu,3,Tuesday
sh_yu,4,Wednesday
sh_yu,5,Thursday
sh_yu,6,Friday
sh_yu,7,Saturday
shn_mm,1,Sunday
shn_mm,2,Monday
shn_mm,3,Tuesday
shn_mm,4,Wednesday
shn_mm,5,Thursday
shn_mm,6,Friday
shn_mm,7,Saturday
shs_ca,1,Sunday
shs_ca,2,Monday
shs_ca,3,Tuesday
shs_ca,4,Wednesday
shs_ca,5,Thursday
shs_ca,6,Friday
shs_ca,7,Saturday
si,1,à¶‰à¶»à·’à¶¯à·
si,2,à·ƒà¶³à·”à¶¯à·
si,3,à¶…à¶Ÿà·„à¶»à·”à·€à·à¶¯à·
si,4,à¶¶à¶¯à·à¶¯à·
si,5,à¶¶à·Šâ€à¶»à·„à·ƒà·Šà¶´à¶­à·’à¶±à·Šà¶¯à·
si,6,à·ƒà·’à¶šà·”à¶»à·à¶¯à·
si,7,à·ƒà·™à¶±à·ƒà·”à¶»à·à¶¯à·
si_lk,1,à¶‰à¶»à·’à¶¯à·
si_lk,2,à·ƒà¶³à·”à¶¯à·
si_lk,3,à¶…à¶Ÿà·„à¶»à·”à·€à·à¶¯à·
si_lk,4,à¶¶à¶¯à·à¶¯à·
si_lk,5,à¶¶à·Šâ€à¶»à·„à·ƒà·Šà¶´à¶­à·’à¶±à·Šà¶¯à·
si_lk,6,à·ƒà·’à¶šà·”à¶»à·à¶¯à·
si_lk,7,à·ƒà·™à¶±à·ƒà·”à¶»à·à¶¯à·
sid_et,1,Sunday
sid_et,2,Monday
sid_et,3,Tuesday
sid_et,4,Wednesday
sid_et,5,Thursday
sid_et,6,Friday
sid_et,7,Saturday
sinhala,1,à¶‰à¶»à·’à¶¯à·
sinhala,2,à·ƒà¶³à·”à¶¯à·
sinhala,3,à¶…à¶Ÿà·„à¶»à·”à·€à·à¶¯à·
sinhala,4,à¶¶à¶¯à·à¶¯à·
sinhala,5,à¶¶à·Šâ€à¶»à·„à·ƒà·Šà¶´à¶­à·’à¶±à·Šà¶¯à·
sinhala,6,à·ƒà·’à¶šà·”à¶»à·à¶¯à·
sinhala,7,à·ƒà·™à¶±à·ƒà·”à¶»à·à¶¯à·
sk,1,nede¾a
sk,2,pondelok
sk,3,utorok
sk,4,streda
sk,5,štvrtok
sk,6,piatok
sk,7,sobota
sk_sk,1,nede¾a
sk_sk,2,pondelok
sk_sk,3,utorok
sk_sk,4,streda
sk_sk,5,štvrtok
sk_sk,6,piatok
sk_sk,7,sobota
sl,1,nedelja
sl,2,ponedeljek
sl,3,torek
sl,4,sreda
sl,5,èetrtek
sl,6,petek
sl,7,sobota
sl_cs,1,nedelja
sl_cs,2,ponedeljek
sl_cs,3,torek
sl_cs,4,sreda
sl_cs,5,èetrtek
sl_cs,6,petek
sl_cs,7,sobota
sl_si,1,nedelja
sl_si,2,ponedeljek
sl_si,3,torek
sl_si,4,sreda
sl_si,5,èetrtek
sl_si,6,petek
sl_si,7,sobota
slovak,1,nede¾a
slovak,2,pondelok
slovak,3,utorok
slovak,4,streda
slovak,5,štvrtok
slovak,6,piatok
slovak,7,sobota
slovenian,1,nedelja
slovenian,2,ponedeljek
slovenian,3,torek
slovenian,4,sreda
slovenian,5,èetrtek
slovenian,6,petek
slovenian,7,sobota
sm_ws,1,Sunday
sm_ws,2,Monday
sm_ws,3,Tuesday
sm_ws,4,Wednesday
sm_ws,5,Thursday
sm_ws,6,Friday
sm_ws,7,Saturday
so_dj,1,Axad
so_dj,2,Isniin
so_dj,3,Salaasa
so_dj,4,Arbaca
so_dj,5,Khamiis
so_dj,6,Jimce
so_dj,7,Sabti
so_et,1,Axad
so_et,2,Isniin
so_et,3,Salaasa
so_et,4,Arbaca
so_et,5,Khamiis
so_et,6,Jimce
so_et,7,Sabti
so_ke,1,Axad
so_ke,2,Isniin
so_ke,3,Salaasa
so_ke,4,Arbaca
so_ke,5,Khamiis
so_ke,6,Jimce
so_ke,7,Sabti
so_so,1,Axad
so_so,2,Isniin
so_so,3,Salaasa
so_so,4,Arbaca
so_so,5,Khamiis
so_so,6,Jimce
so_so,7,Sabti
sp,1,Sunday
sp,2,Monday
sp,3,Tuesday
sp,4,Wednesday
sp,5,Thursday
sp,6,Friday
sp,7,Saturday
sp_yu,1,Sunday
sp_yu,2,Monday
sp_yu,3,Tuesday
sp_yu,4,Wednesday
sp_yu,5,Thursday
sp_yu,6,Friday
sp_yu,7,Saturday
spanish,1,domingo
spanish,2,lunes
spanish,3,martes
spanish,4,miércoles
spanish,5,jueves
spanish,6,viernes
spanish,7,sábado
spanish_spain,1,domingo
spanish_spain,2,lunes
spanish_spain,3,martes
spanish_spain,4,miércoles
spanish_spain,5,jueves
spanish_spain,6,viernes
spanish_spain,7,sábado
sq,1,e diel
sq,2,e hënë
sq,3,e martë
sq,4,e mërkurë
sq,5,e enjte
sq,6,e premte
sq,7,e shtunë
sq_al,1,e diel
sq_al,2,e hënë
sq_al,3,e martë
sq_al,4,e mërkurë
sq_al,5,e enjte
sq_al,6,e premte
sq_al,7,e shtunë
sq_mk,1,e diel
sq_mk,2,e hënë
sq_mk,3,e martë
sq_mk,4,e mërkurë
sq_mk,5,e enjte
sq_mk,6,e premte
sq_mk,7,e shtunë
sr,1,nedelja
sr,2,ponedeljak
sr,3,utorak
sr,4,sreda
sr,5,èetvrtak
sr,6,petak
sr,7,subota
sr_cs,1,nedelja
sr_cs,2,ponedeljak
sr_cs,3,utorak
sr_cs,4,sreda
sr_cs,5,èetvrtak
sr_cs,6,petak
sr_cs,7,subota
sr_me,1,nedelja
sr_me,2,ponedeljak
sr_me,3,utorak
sr_me,4,sreda
sr_me,5,èetvrtak
sr_me,6,petak
sr_me,7,subota
sr_rs,1,nedelja
sr_rs,2,ponedeljak
sr_rs,3,utorak
sr_rs,4,sreda
sr_rs,5,èetvrtak
sr_rs,6,petak
sr_rs,7,subota
sr_sp,1,nedelja
sr_sp,2,ponedeljak
sr_sp,3,utorak
sr_sp,4,sreda
sr_sp,5,èetvrtak
sr_sp,6,petak
sr_sp,7,subota
sr_yu,1,nedelja
sr_yu,2,ponedeljak
sr_yu,3,utorak
sr_yu,4,sreda
sr_yu,5,èetvrtak
sr_yu,6,petak
sr_yu,7,subota
ss,1,Lisontfo
ss,2,uMsombuluko
ss,3,Lesibili
ss,4,Lesitsatfu
ss,5,Lesine
ss,6,Lesihlanu
ss,7,uMgcibelo
ss_za,1,Lisontfo
ss_za,2,uMsombuluko
ss_za,3,Lesibili
ss_za,4,Lesitsatfu
ss_za,5,Lesine
ss_za,6,Lesihlanu
ss_za,7,uMgcibelo
st,1,Sontaha
st,2,Mmantaha
st,3,Labobedi
st,4,Laboraru
st,5,Labone
st,6,Labohlane
st,7,Moqebelo
st_za,1,Sontaha
st_za,2,Mmantaha
st_za,3,Labobedi
st_za,4,Laboraru
st_za,5,Labone
st_za,6,Labohlane
st_za,7,Moqebelo
sv,1,söndag
sv,2,måndag
sv,3,tisdag
sv,4,onsdag
sv,5,torsdag
sv,6,fredag
sv,7,lördag
sv_fi,1,söndag
sv_fi,2,måndag
sv_fi,3,tisdag
sv_fi,4,onsdag
sv_fi,5,torsdag
sv_fi,6,fredag
sv_fi,7,lördag
sv_se,1,söndag
sv_se,2,måndag
sv_se,3,tisdag
sv_se,4,onsdag
sv_se,5,torsdag
sv_se,6,fredag
sv_se,7,lördag
sw_ke,1,Jumapili
sw_ke,2,Jumatatu
sw_ke,3,Jumanne
sw_ke,4,Jumatano
sw_ke,5,Alhamisi
sw_ke,6,Ijumaa
sw_ke,7,Jumamosi
sw_tz,1,Jumapili
sw_tz,2,Jumatatu
sw_tz,3,Jumanne
sw_tz,4,Jumatano
sw_tz,5,Alhamisi
sw_tz,6,Ijumaa
sw_tz,7,Jumamosi
swedish,1,söndag
swedish,2,måndag
swedish,3,tisdag
swedish,4,onsdag
swedish,5,torsdag
swedish,6,fredag
swedish,7,lördag
szl_pl,1,Sunday
szl_pl,2,Monday
szl_pl,3,Tuesday
szl_pl,4,Wednesday
szl_pl,5,Thursday
szl_pl,6,Friday
szl_pl,7,Saturday
ta,1,à®žà®¾à®¯à®¿à®±à¯à®±à¯à®•à¯à®•à®¿à®´à®®à¯ˆ
ta,2,à®¤à®¿à®™à¯à®•à®³à¯à®•à®¿à®´à®®à¯ˆ
ta,3,à®šà¯†à®µà¯à®µà®¾à®¯à¯à®•à¯à®•à®¿à®´à®®à¯ˆ
ta,4,à®ªà¯à®¤à®©à¯à®•à®¿à®´à®®à¯ˆ
ta,5,à®µà®¿à®¯à®¾à®´à®•à¯à®•à®¿à®´à®®à¯ˆ
ta,6,à®µà¯†à®³à¯à®³à®¿à®•à¯à®•à®¿à®´à®®à¯ˆ
ta,7,à®šà®©à®¿à®•à¯à®•à®¿à®´à®®à¯ˆ
ta_in,1,à®žà®¾à®¯à®¿à®±à¯à®±à¯à®•à¯à®•à®¿à®´à®®à¯ˆ
ta_in,2,à®¤à®¿à®™à¯à®•à®³à¯à®•à®¿à®´à®®à¯ˆ
ta_in,3,à®šà¯†à®µà¯à®µà®¾à®¯à¯à®•à¯à®•à®¿à®´à®®à¯ˆ
ta_in,4,à®ªà¯à®¤à®©à¯à®•à®¿à®´à®®à¯ˆ
ta_in,5,à®µà®¿à®¯à®¾à®´à®•à¯à®•à®¿à®´à®®à¯ˆ
ta_in,6,à®µà¯†à®³à¯à®³à®¿à®•à¯à®•à®¿à®´à®®à¯ˆ
ta_in,7,à®šà®©à®¿à®•à¯à®•à®¿à®´à®®à¯ˆ
ta_lk,1,à®žà®¾à®¯à®¿à®±à¯
ta_lk,2,à®¤à®¿à®™à¯à®•à®³à¯
ta_lk,3,à®šà¯†à®µà¯à®µà®¾à®¯à¯
ta_lk,4,à®ªà¯à®¤à®©à¯
ta_lk,5,à®µà®¿à®¯à®¾à®´à®©à¯
ta_lk,6,à®µà¯†à®³à¯à®³à®¿
ta_lk,7,à®šà®©à®¿
te,1,à°†à°¦à°¿à°µà°¾à°°à°‚
te,2,à°¸à±‹à°®à°µà°¾à°°à°‚
te,3,à°®à°‚à°—à°³à°µà°¾à°°à°‚
te,4,à°¬à±à°§à°µà°¾à°°à°‚
te,5,à°—à±à°°à±à°µà°¾à°°à°‚
te,6,à°¶à±à°•à±à°°à°µà°¾à°°à°‚
te,7,à°¶à°¨à°¿à°µà°¾à°°à°‚
te_in,1,à°†à°¦à°¿à°µà°¾à°°à°‚
te_in,2,à°¸à±‹à°®à°µà°¾à°°à°‚
te_in,3,à°®à°‚à°—à°³à°µà°¾à°°à°‚
te_in,4,à°¬à±à°§à°µà°¾à°°à°‚
te_in,5,à°—à±à°°à±à°µà°¾à°°à°‚
te_in,6,à°¶à±à°•à±à°°à°µà°¾à°°à°‚
te_in,7,à°¶à°¨à°¿à°µà°¾à°°à°‚
tg,1,ÿêøàíáå
tg,2,äóøàíáå
tg,3,ñåøàíáå
tg,4,÷îðøàíáå
tg,5,ïàí?øàíáå
tg,6,?óìúà
tg,7,øàíáå
tg_tj,1,ÿêøàíáå
tg_tj,2,äóøàíáå
tg_tj,3,ñåøàíáå
tg_tj,4,÷îðøàíáå
tg_tj,5,ïàí?øàíáå
tg_tj,6,?óìúà
tg_tj,7,øàíáå
th,1,ÍÒ·ÔµÂì
th,2,¨Ñ¹·Ãì
th,3,ÍÑ§¤ÒÃ
th,4,¾Ø¸
th,5,¾ÄËÑÊº´Õ
th,6,ÈØ¡Ãì
th,7,àÊÒÃì
th_th,1,ÍÒ·ÔµÂì
th_th,2,¨Ñ¹·Ãì
th_th,3,ÍÑ§¤ÒÃ
th_th,4,¾Ø¸
th_th,5,¾ÄËÑÊº´Õ
th_th,6,ÈØ¡Ãì
th_th,7,àÊÒÃì
thai,1,ÍÒ·ÔµÂì
thai,2,¨Ñ¹·Ãì
thai,3,ÍÑ§¤ÒÃ
thai,4,¾Ø¸
thai,5,¾ÄËÑÊº´Õ
thai,6,ÈØ¡Ãì
thai,7,àÊÒÃì
the_np,1,Sunday
the_np,2,Monday
the_np,3,Tuesday
the_np,4,Wednesday
the_np,5,Thursday
the_np,6,Friday
the_np,7,Saturday
ti_er,1,áˆ°áŠ•á‰ á‰µ
ti_er,2,áˆ°áŠ‘á‹­
ti_er,3,áˆ áˆ‰áˆµ
ti_er,4,áˆ¨á‰¡á‹•
ti_er,5,áŠƒáˆ™áˆµ
ti_er,6,á‹“áˆ­á‰¢
ti_er,7,á‰€á‹³áˆ
ti_et,1,áˆ°áŠ•á‰ á‰µ
ti_et,2,áˆ°áŠ‘á‹­
ti_et,3,áˆ áˆ‰áˆµ
ti_et,4,áˆ¨á‰¡á‹•
ti_et,5,áŠƒáˆ™áˆµ
ti_et,6,á‹“áˆ­á‰¢
ti_et,7,á‰€á‹³áˆ
tig_er,1,áˆ°áŠ•á‰ á‰µ á‹“á‰£á‹­
tig_er,2,áˆ°áŠ–
tig_er,3,á‰³áˆ‹áˆ¸áŠ–
tig_er,4,áŠ£áˆ¨áˆ­á‰£á‹“
tig_er,5,áŠ¨áˆšáˆ½
tig_er,6,áŒ…áˆá‹“á‰µ
tig_er,7,áˆ°áŠ•á‰ á‰µ áŠ•áŠ¢áˆ½
tk_tm,1,Ýekºenbe
tk_tm,2,Duºenbe
tk_tm,3,Siºenbe
tk_tm,4,Çarºenbe
tk_tm,5,Penºenbe
tk_tm,6,Anna
tk_tm,7,ªenbe
tl,1,Sunday
tl,2,Monday
tl,3,Tuesday
tl,4,Wednesday
tl,5,Thursday
tl,6,Friday
tl,7,Saturday
tl_ph,1,Sunday
tl_ph,2,Monday
tl_ph,3,Tuesday
tl_ph,4,Wednesday
tl_ph,5,Thursday
tl_ph,6,Friday
tl_ph,7,Saturday
tn,1,Tshipi
tn,2,Mosopulogo
tn,3,Labobedi
tn,4,Laboraro
tn,5,Labone
tn,6,Labotlhano
tn,7,Matlhatso
tn_za,1,Tshipi
tn_za,2,Mosopulogo
tn_za,3,Labobedi
tn_za,4,Laboraro
tn_za,5,Labone
tn_za,6,Labotlhano
tn_za,7,Matlhatso
to_to,1,SÄpate
to_to,2,MÅnite
to_to,3,TÅ«site
to_to,4,Pulelulu
to_to,5,TuÊ»apulelulu
to_to,6,Falaite
to_to,7,Tokonaki
tpi_pg,1,Sunday
tpi_pg,2,Monday
tpi_pg,3,Tuesday
tpi_pg,4,Wednesday
tpi_pg,5,Thursday
tpi_pg,6,Friday
tpi_pg,7,Saturday
tr,1,Pazar
tr,2,Pazartesi
tr,3,Salý
tr,4,Çarþamba
tr,5,Perþembe
tr,6,Cuma
tr,7,Cumartesi
tr_cy,1,Pazar
tr_cy,2,Pazartesi
tr_cy,3,Salý
tr_cy,4,Çarþamba
tr_cy,5,Perþembe
tr_cy,6,Cuma
tr_cy,7,Cumartesi
tr_tr,1,Pazar
tr_tr,2,Pazartesi
tr_tr,3,Salý
tr_tr,4,Çarþamba
tr_tr,5,Perþembe
tr_tr,6,Cuma
tr_tr,7,Cumartesi
ts,1,Sonta
ts,2,Musumbhunuku
ts,3,Ravumbirhi
ts,4,Ravunharhu
ts,5,Ravumune
ts,6,Ravuntlhanu
ts,7,Mugqivela
ts_za,1,Sonta
ts_za,2,Musumbhunuku
ts_za,3,Ravumbirhi
ts_za,4,Ravunharhu
ts_za,5,Ravumune
ts_za,6,Ravuntlhanu
ts_za,7,Mugqivela
tt,1,ÿêø?ìáå
tt,2,ä?ø?ìáå
tt,3,ñèø?ìáå
tt,4,÷?ðø?ìáå
tt,5,ï?í?åø?ìáå
tt,6,?îìãà
tt,7,øèìá?
tt_ru,1,ÿêø?ìáå
tt_ru,2,ä?ø?ìáå
tt_ru,3,ñèø?ìáå
tt_ru,4,÷?ðø?ìáå
tt_ru,5,ï?í?åø?ìáå
tt_ru,6,?îìãà
tt_ru,7,øèìá?
turkish,1,Pazar
turkish,2,Pazartesi
turkish,3,Salý
turkish,4,Çarþamba
turkish,5,Perþembe
turkish,6,Cuma
turkish,7,Cumartesi
ug_cn,1,í?ßÔ?äÈ?
ug_cn,2,Ï?Ô?äÈ?
ug_cn,3,Ó?íÔ?äÈ?
ug_cn,4,ÇÑÔ?äÈ?
ug_cn,5,?íÔ?äÈ?
ug_cn,6,Ì?ã?
ug_cn,7,Ô?äÈ?
uk,1,Sunday
uk,2,Monday
uk,3,Tuesday
uk,4,Wednesday
uk,5,Thursday
uk,6,Friday
uk,7,Saturday
uk_ua,1,íåä³ëÿ
uk_ua,2,ïîíåä³ëîê
uk_ua,3,â³âòîðîê
uk_ua,4,ñåðåäà
uk_ua,5,÷åòâåð
uk_ua,6,ï'ÿòíèöÿ
uk_ua,7,ñóáîòà
unm_us,1,Sunday
unm_us,2,Monday
unm_us,3,Tuesday
unm_us,4,Wednesday
unm_us,5,Thursday
unm_us,6,Friday
unm_us,7,Saturday
ur,1,ÇÊæÇÑ
ur,2,íÑ
ur,3,ãäá
ur,4,ÈÏª
ur,5,ÌãÚÑÇÊ
ur,6,ÌãÚå
ur,7,åÝÊå
ur_in,1,ÇÊæÇÑ
ur_in,2,íÑ
ur_in,3,ãäá
ur_in,4,ÈÏª
ur_in,5,ÌãÚÑÇÊ
ur_in,6,ÌãÚÀ
ur_in,7,ÀÝÊÀ
ur_pk,1,ÇÊæÇÑ
ur_pk,2,íÑ
ur_pk,3,ãäá
ur_pk,4,ÈÏª
ur_pk,5,ÌãÚÑÇÊ
ur_pk,6,ÌãÚå
ur_pk,7,åÝÊå
uz,1,yakshanba
uz,2,dushanba
uz,3,seshanba
uz,4,chorshanba
uz,5,payshanba
uz,6,juma
uz,7,shanba
uz_uz,1,yakshanba
uz_uz,2,dushanba
uz_uz,3,seshanba
uz_uz,4,chorshanba
uz_uz,5,payshanba
uz_uz,6,juma
uz_uz,7,shanba
ve,1,Swondaha
ve,2,Musumbuluwo
ve,3,á¸¼avhuvhili
ve,4,á¸¼avhuraru
ve,5,á¸¼avhuá¹‹a
ve,6,á¸¼avhuá¹±anu
ve,7,Mugivhela
ve_za,1,Swondaha
ve_za,2,Musumbuluwo
ve_za,3,á¸¼avhuvhili
ve_za,4,á¸¼avhuraru
ve_za,5,á¸¼avhuá¹‹a
ve_za,6,á¸¼avhuá¹±anu
ve_za,7,Mugivhela
vi,1,ChuÒ Nhâòt
vi,2,Thýì Hai
vi,3,Thýì Ba
vi,4,Thýì Tý
vi,5,Thýì Nãm
vi,6,Thýì Saìu
vi,7,Thýì BaÒy
vi_vn,1,ChuÒ Nhâòt
vi_vn,2,Thýì Hai
vi_vn,3,Thýì Ba
vi_vn,4,Thýì Tý
vi_vn,5,Thýì Nãm
vi_vn,6,Thýì Saìu
vi_vn,7,Thýì BaÒy
wa,1,Sunday
wa,2,Monday
wa,3,Tuesday
wa,4,Wednesday
wa,5,Thursday
wa,6,Friday
wa,7,Saturday
wa_be,1,Sunday
wa_be,2,Monday
wa_be,3,Tuesday
wa_be,4,Wednesday
wa_be,5,Thursday
wa_be,6,Friday
wa_be,7,Saturday
wae_ch,1,Sunntag
wae_ch,2,MÃ¤ntag
wae_ch,3,ZiÅ¡tag
wae_ch,4,MittwuÄ
wae_ch,5,FrÃ³ntag
wae_ch,6,Fritag
wae_ch,7,SamÅ¡tag
wal_et,1,á‹ˆáŒ‹
wal_et,2,áˆ³á‹­áŠ–
wal_et,3,áˆ›á‰†áˆ³áŠ›
wal_et,4,áŠ áˆ©á‹‹
wal_et,5,áˆƒáˆ™áˆ³
wal_et,6,áŠ áˆ­á‰£
wal_et,7,á‰„áˆ«
wo_sn,1,Dibéer
wo_sn,2,Altine
wo_sn,3,Talaata
wo_sn,4,Àllarba
wo_sn,5,Alxames
wo_sn,6,Àjjuma
wo_sn,7,Gaawu
xh,1,Cawe
xh,2,Mvulo
xh,3,Lwesibini
xh,4,Lwesithathu
xh,5,Lwesine
xh,6,Lwesihlanu
xh,7,Mgqibelo
xh_za,1,Cawe
xh_za,2,Mvulo
xh_za,3,Lwesibini
xh_za,4,Lwesithathu
xh_za,5,Lwesine
xh_za,6,Lwesihlanu
xh_za,7,Mgqibelo
yi,1,ê‘­ê†ê‘
yi,2,ê†êŠ‚ê’”
yi,3,ê†êŠ‚ê‘
yi,4,ê†êŠ‚êŒ•
yi,5,ê†êŠ‚ê‡–
yi,6,ê†êŠ‚ê‰¬
yi,7,ê†êŠ‚êƒ˜
yi_us,1,áŽ¤áŽ¾á™á“á†ááŽ¬
yi_us,2,áŽ¤áŽ¾á™á“á‰á…áŽ¯
yi_us,3,á”áŽµááŽ¢áŽ¦
yi_us,4,á¦áŽ¢ááŽ¢áŽ¦
yi_us,5,á…áŽ©ááŽ¢áŽ¦
yi_us,6,á§áŽ¾áŽ©áŽ¶áá—
yi_us,7,áŽ¤áŽ¾á™á“áˆá•áŽ¾
yo_ng,1,?j?´ Àìkú
yo_ng,2,?j?´ Ajé
yo_ng,3,?j?´ Ìs?´gun
yo_ng,4,?j?´rú
yo_ng,5,?j?´b?
yo_ng,6,?j?´ ?tì
yo_ng,7,?j?´ Àbám?´ta
yue_hk,1,Sunday
yue_hk,2,Monday
yue_hk,3,Tuesday
yue_hk,4,Wednesday
yue_hk,5,Thursday
yue_hk,6,Friday
yue_hk,7,Saturday
yuw_pg,1,Sunday
yuw_pg,2,Monday
yuw_pg,3,Tuesday
yuw_pg,4,Wednesday
yuw_pg,5,Thursday
yuw_pg,6,Friday
yuw_pg,7,Saturday
zh,1,ÐÇÆÚÈÕ
zh,2,ÐÇÆÚÒ»
zh,3,ÐÇÆÚ¶þ
zh,4,ÐÇÆÚÈý
zh,5,ÐÇÆÚËÄ
zh,6,ÐÇÆÚÎå
zh,7,ÐÇÆÚÁù
zh_cn,1,ÐÇÆÚÈÕ
zh_cn,2,ÐÇÆÚÒ»
zh_cn,3,ÐÇÆÚ¶þ
zh_cn,4,ÐÇÆÚÈý
zh_cn,5,ÐÇÆÚËÄ
zh_cn,6,ÐÇÆÚÎå
zh_cn,7,ÐÇÆÚÁù
zh_hk,1,¬P´Á¤é
zh_hk,2,¬P´Á¤@
zh_hk,3,¬P´Á¤G
zh_hk,4,¬P´Á¤T
zh_hk,5,¬P´Á¥|
zh_hk,6,¬P´Á¤­
zh_hk,7,¬P´Á¤»
zh_sg,1,ÐÇÆÚÈÕ
zh_sg,2,ÐÇÆÚÒ»
zh_sg,3,ÐÇÆÚ¶þ
zh_sg,4,ÐÇÆÚÈý
zh_sg,5,ÐÇÆÚËÄ
zh_sg,6,ÐÇÆÚÎå
zh_sg,7,ÐÇÆÚÁù
zh_tw,1,¬P´Á¤é
zh_tw,2,¬P´Á¤@
zh_tw,3,¬P´Á¤G
zh_tw,4,¬P´Á¤T
zh_tw,5,¬P´Á¥|
zh_tw,6,¬P´Á¤­
zh_tw,7,¬P´Á¤»
zu,1,ISonto
zu,2,UMsombuluko
zu,3,ULwesibili
zu,4,ULwesithathu
zu,5,ULwesine
zu,6,ULwesihlanu
zu,7,UMgqibelo
zu_za,1,ISonto
zu_za,2,UMsombuluko
zu_za,3,ULwesibili
zu_za,4,ULwesithathu
zu_za,5,ULwesine
zu_za,6,ULwesihlanu
zu_za,7,UMgqibelo
