aa_dj,1,Qunxa Garablu
aa_dj,2,Kudo
aa_dj,3,Ciggilta Kudo
aa_dj,4,Agda Baxis
aa_dj,5,Caxah Alsa
aa_dj,6,Qasa Dirri
aa_dj,7,Qado Dirri
aa_dj,8,Leqeeni
aa_dj,9,Waysu
aa_dj,10,Diteli
aa_dj,11,Ximoli
aa_dj,12,Kaxxa Garablu
aa_er,1,Qunxa Garablu
aa_er,2,Kudo
aa_er,3,Ciggilta Kudo
aa_er,4,Agda Baxis
aa_er,5,Caxah Alsa
aa_er,6,Qasa Dirri
aa_er,7,Qado Dirri
aa_er,8,Liiqen
aa_er,9,Waysu
aa_er,10,Diteli
aa_er,11,Ximoli
aa_er,12,Kaxxa Garablu
aa_et,1,Qunxa Garablu
aa_et,2,Kudo
aa_et,3,Ciggilta Kudo
aa_et,4,Agda Baxis
aa_et,5,Caxah Alsa
aa_et,6,Qasa Dirri
aa_et,7,Qado Dirri
aa_et,8,Liiqen
aa_et,9,Waysu
aa_et,10,Diteli
aa_et,11,Ximoli
aa_et,12,Kaxxa Garablu
af,1,Januarie
af,2,Februarie
af,3,Maart
af,4,April
af,5,Mei
af,6,Junie
af,7,Julie
af,8,Augustus
af,9,September
af,10,Oktober
af,11,November
af,12,Desember
af_za,1,Januarie
af_za,2,Februarie
af_za,3,Maart
af_za,4,April
af_za,5,Mei
af_za,6,Junie
af_za,7,Julie
af_za,8,Augustus
af_za,9,September
af_za,10,Oktober
af_za,11,November
af_za,12,Desember
agr_pe,1,January
agr_pe,2,February
agr_pe,3,March
agr_pe,4,April
agr_pe,5,May
agr_pe,6,June
agr_pe,7,July
agr_pe,8,August
agr_pe,9,September
agr_pe,10,October
agr_pe,11,November
agr_pe,12,December
ak_gh,1,Sanda-Æ†pÉ›pÉ”n
ak_gh,2,Kwakwar-Æ†gyefuo
ak_gh,3,EbÉ”w-Æ†benem
ak_gh,4,EbÉ”bira-Oforisuo
ak_gh,5,Esusow Aketseaba-KÉ”tÉ”nimba
ak_gh,6,Obirade-AyÉ›wohomumu
ak_gh,7,AyÉ›woho-Kitawonsa
ak_gh,8,Difuu-Æ†sandaa
ak_gh,9,Fankwa-ÆbÉ”
ak_gh,10,Æ†bÉ›sÉ›-Ahinime
ak_gh,11,Æ†berÉ›fÉ›w-Obubuo
ak_gh,12,Mumu-Æ†pÉ›nimba
am,1,áŒƒáŠ•á‹©á‹ˆáˆª
am,2,áŒá‰¥áˆ©á‹ˆáˆª
am,3,áˆ›áˆ­á‰½
am,4,áŠ¤á•áˆªáˆ
am,5,áˆœá‹­
am,6,áŒáŠ•
am,7,áŒáˆ‹á‹­
am,8,áŠ¦áŒˆáˆµá‰µ
am,9,áˆ´á•á‰´áˆá‰ áˆ­
am,10,áŠ¦áŠ­á‰¶á‰ áˆ­
am,11,áŠ–á‰¬áˆá‰ áˆ­
am,12,á‹²áˆ´áˆá‰ áˆ­
am_et,1,áŒƒáŠ•á‹©á‹ˆáˆª
am_et,2,áŒá‰¥áˆ©á‹ˆáˆª
am_et,3,áˆ›áˆ­á‰½
am_et,4,áŠ¤á•áˆªáˆ
am_et,5,áˆœá‹­
am_et,6,áŒáŠ•
am_et,7,áŒáˆ‹á‹­
am_et,8,áŠ¦áŒˆáˆµá‰µ
am_et,9,áˆ´á•á‰´áˆá‰ áˆ­
am_et,10,áŠ¦áŠ­á‰¶á‰ áˆ­
am_et,11,áŠ–á‰¬áˆá‰ áˆ­
am_et,12,á‹²áˆ´áˆá‰ áˆ­
american,1,January
american,2,February
american,3,March
american,4,April
american,5,May
american,6,June
american,7,July
american,8,August
american,9,September
american,10,October
american,11,November
american,12,December
an_es,1,January
an_es,2,February
an_es,3,March
an_es,4,April
an_es,5,May
an_es,6,June
an_es,7,July
an_es,8,August
an_es,9,September
an_es,10,October
an_es,11,November
an_es,12,December
anp_in,1,January
anp_in,2,February
anp_in,3,March
anp_in,4,April
anp_in,5,May
anp_in,6,June
anp_in,7,July
anp_in,8,August
anp_in,9,September
anp_in,10,October
anp_in,11,November
anp_in,12,December
ar,1,íäÇíÑ
ar,2,ÝÈÑÇíÑ
ar,3,ãÇÑÓ
ar,4,ÃÈÑíá
ar,5,ãÇíæ
ar,6,íæäíæ
ar,7,íæáíæ
ar,8,ÃÛÓØÓ
ar,9,ÓÈÊãÈÑ
ar,10,ÃßÊæÈÑ
ar,11,äæÝãÈÑ
ar,12,ÏíÓãÈÑ
ar_aa,1,íäÇíÑ
ar_aa,2,ÝÈÑÇíÑ
ar_aa,3,ãÇÑÓ
ar_aa,4,ÃÈÑíá
ar_aa,5,ãÇíæ
ar_aa,6,íæäíæ
ar_aa,7,íæáíæ
ar_aa,8,ÃÛÓØÓ
ar_aa,9,ÓÈÊãÈÑ
ar_aa,10,ÃßÊæÈÑ
ar_aa,11,äæÝãÈÑ
ar_aa,12,ÏíÓãÈÑ
ar_ae,1,íäÇíÑ
ar_ae,2,ÝÈÑÇíÑ
ar_ae,3,ãÇÑÓ
ar_ae,4,ÃÈÑíá
ar_ae,5,ãÇíæ
ar_ae,6,íæäíæ
ar_ae,7,íæáíæ
ar_ae,8,ÃÛÓØÓ
ar_ae,9,ÓÈÊãÈÑ
ar_ae,10,ÃßÊæÈÑ
ar_ae,11,äæÝãÈÑ
ar_ae,12,ÏíÓãÈÑ
ar_bh,1,íäÇíÑ
ar_bh,2,ÝÈÑÇíÑ
ar_bh,3,ãÇÑÓ
ar_bh,4,ÃÈÑíá
ar_bh,5,ãÇíæ
ar_bh,6,íæäíæ
ar_bh,7,íæáíæ
ar_bh,8,ÃÛÓØÓ
ar_bh,9,ÓÈÊãÈÑ
ar_bh,10,ÃßÊæÈÑ
ar_bh,11,äæÝãÈÑ
ar_bh,12,ÏíÓãÈÑ
ar_dz,1,ÌÇäÝííå
ar_dz,2,ÝíÝÑííå
ar_dz,3,ãÇÑÓ
ar_dz,4,ÃÝÑíá
ar_dz,5,ãí
ar_dz,6,ÌæÇä
ar_dz,7,Ìæííå
ar_dz,8,ÃæÊ
ar_dz,9,ÓÈÊãÈÑ
ar_dz,10,ÃßÊæÈÑ
ar_dz,11,äæÝãÈÑ
ar_dz,12,ÏíÓãÈÑ
ar_eg,1,íäÇíÑ
ar_eg,2,ÝÈÑÇíÑ
ar_eg,3,ãÇÑÓ
ar_eg,4,ÃÈÑíá
ar_eg,5,ãÇíæ
ar_eg,6,íæäíæ
ar_eg,7,íæáíæ
ar_eg,8,ÃÛÓØÓ
ar_eg,9,ÓÈÊãÈÑ
ar_eg,10,ÃßÊæÈÑ
ar_eg,11,äæÝãÈÑ
ar_eg,12,ÏíÓãÈÑ
ar_in,1,íäÇíÑ
ar_in,2,ÝÈÑÇíÑ
ar_in,3,ãÇÑÓ
ar_in,4,ÃÈÑíá
ar_in,5,ãÇíæ
ar_in,6,íæäíæ
ar_in,7,íæáíæ
ar_in,8,ÃÛÓØÓ
ar_in,9,ÓÈÊãÈÑ
ar_in,10,ÃßÊæÈÑ
ar_in,11,äæÝãÈÑ
ar_in,12,ÏíÓãÈÑ
ar_iq,1,ßÇäæä ÇáËÇäí
ar_iq,2,ÔÈÇØ
ar_iq,3,ÂÐÇÑ
ar_iq,4,äíÓÇä
ar_iq,5,ÃíÇÑ
ar_iq,6,ÍÒíÑÇä
ar_iq,7,ÊãæÒ
ar_iq,8,ÂÈ
ar_iq,9,Ãíáæá
ar_iq,10,ÊÔÑíä ÇáÃæá
ar_iq,11,ÊÔÑíä ÇáËÇäí
ar_iq,12,ßÇäæä ÇáÃæá
ar_jo,1,ßÇäæä ÇáËÇäí
ar_jo,2,ÔÈÇØ
ar_jo,3,ÂÐÇÑ
ar_jo,4,äíÓÇä
ar_jo,5,ÃíÇÑ
ar_jo,6,ÍÒíÑÇä
ar_jo,7,ÊãæÒ
ar_jo,8,ÂÈ
ar_jo,9,Ãíáæá
ar_jo,10,ÊÔÑíä ÇáÃæá
ar_jo,11,ÊÔÑíä ÇáËÇäí
ar_jo,12,ßÇäæä ÇáÃæá
ar_kw,1,íäÇíÑ
ar_kw,2,ÝÈÑÇíÑ
ar_kw,3,ãÇÑÓ
ar_kw,4,ÃÈÑíá
ar_kw,5,ãÇíæ
ar_kw,6,íæäíæ
ar_kw,7,íæáíæ
ar_kw,8,ÃÛÓØÓ
ar_kw,9,ÓÈÊãÈÑ
ar_kw,10,ÃßÊæÈÑ
ar_kw,11,äæÝãÈÑ
ar_kw,12,ÏíÓãÈÑ
ar_lb,1,ßÇäæä ÇáËÇäí
ar_lb,2,ÔÈÇØ
ar_lb,3,ÂÐÇÑ
ar_lb,4,äíÓÇä
ar_lb,5,ÃíÇÑ
ar_lb,6,ÍÒíÑÇä
ar_lb,7,ÊãæÒ
ar_lb,8,ÂÈ
ar_lb,9,Ãíáæá
ar_lb,10,ÊÔÑíä ÇáÃæá
ar_lb,11,ÊÔÑíä ÇáËÇäí
ar_lb,12,ßÇäæä ÇáÃæá
ar_ly,1,íäÇíÑ
ar_ly,2,ÝÈÑÇíÑ
ar_ly,3,ãÇÑÓ
ar_ly,4,ÃÈÑíá
ar_ly,5,ãÇíæ
ar_ly,6,íæäíæ
ar_ly,7,íæáíæ
ar_ly,8,ÃÛÓØÓ
ar_ly,9,ÓÈÊãÈÑ
ar_ly,10,ÃßÊæÈÑ
ar_ly,11,äæÝãÈÑ
ar_ly,12,ÏíÓãÈÑ
ar_ma,1,íäÇíÑ
ar_ma,2,ÝÈÑÇíÑ
ar_ma,3,ãÇÑÓ
ar_ma,4,ÃÈÑíá
ar_ma,5,ãÇí
ar_ma,6,íæäíæ
ar_ma,7,íæáíæÒ
ar_ma,8,ÛÔÊ
ar_ma,9,ÔÊäÈÑ
ar_ma,10,ÃßÊæÈÑ
ar_ma,11,äæäÈÑ
ar_ma,12,ÏÌäÈÑ
ar_om,1,íäÇíÑ
ar_om,2,ÝÈÑÇíÑ
ar_om,3,ãÇÑÓ
ar_om,4,ÃÈÑíá
ar_om,5,ãÇíæ
ar_om,6,íæäíæ
ar_om,7,íæáíæ
ar_om,8,ÃÛÓØÓ
ar_om,9,ÓÈÊãÈÑ
ar_om,10,ÃßÊæÈÑ
ar_om,11,äæÝãÈÑ
ar_om,12,ÏíÓãÈÑ
ar_qa,1,íäÇíÑ
ar_qa,2,ÝÈÑÇíÑ
ar_qa,3,ãÇÑÓ
ar_qa,4,ÃÈÑíá
ar_qa,5,ãÇíæ
ar_qa,6,íæäíæ
ar_qa,7,íæáíæ
ar_qa,8,ÃÛÓØÓ
ar_qa,9,ÓÈÊãÈÑ
ar_qa,10,ÃßÊæÈÑ
ar_qa,11,äæÝãÈÑ
ar_qa,12,ÏíÓãÈÑ
ar_sa,1,íäÇíÑ
ar_sa,2,ÝÈÑÇíÑ
ar_sa,3,ãÇÑÓ
ar_sa,4,ÃÈÑíá
ar_sa,5,ãÇíæ
ar_sa,6,íæäíæ
ar_sa,7,íæáíæ
ar_sa,8,ÃÛÓØÓ
ar_sa,9,ÓÈÊãÈÑ
ar_sa,10,ÃßÊæÈÑ
ar_sa,11,äæÝãÈÑ
ar_sa,12,ÏíÓãÈÑ
ar_sd,1,íäÇíÑ
ar_sd,2,ÝÈÑÇíÑ
ar_sd,3,ãÇÑÓ
ar_sd,4,ÃÈÑíá
ar_sd,5,ãÇíæ
ar_sd,6,íæäíæ
ar_sd,7,íæáíæ
ar_sd,8,ÃÛÓØÓ
ar_sd,9,ÓÈÊãÈÑ
ar_sd,10,ÃßÊæÈÑ
ar_sd,11,äæÝãÈÑ
ar_sd,12,ÏíÓãÈÑ
ar_ss,1,íäÇíÑ
ar_ss,2,ÝÈÑÇíÑ
ar_ss,3,ãÇÑÓ
ar_ss,4,ÃÈÑíá
ar_ss,5,ãÇíæ
ar_ss,6,íæäíæ
ar_ss,7,íæáíæ
ar_ss,8,ÃÛÓØÓ
ar_ss,9,ÓÈÊãÈÑ
ar_ss,10,ÃßÊæÈÑ
ar_ss,11,äæÝãÈÑ
ar_ss,12,ÏíÓãÈÑ
ar_sy,1,ßÇäæä ÇáËÇäí
ar_sy,2,ÔÈÇØ
ar_sy,3,ÂÐÇÑ
ar_sy,4,äíÓÇä
ar_sy,5,ÃíÇÑ
ar_sy,6,ÍÒíÑÇä
ar_sy,7,ÊãæÒ
ar_sy,8,ÂÈ
ar_sy,9,Ãíáæá
ar_sy,10,ÊÔÑíä ÇáÃæá
ar_sy,11,ÊÔÑíä ÇáËÇäí
ar_sy,12,ßÇäæä ÇáÃæá
ar_tn,1,ÌÇäÝííå
ar_tn,2,ÝíÝÑííå
ar_tn,3,ãÇÑÓ
ar_tn,4,ÃÝÑíá
ar_tn,5,ãí
ar_tn,6,ÌæÇä
ar_tn,7,Ìæííå
ar_tn,8,ÃæÊ
ar_tn,9,ÓÈÊãÈÑ
ar_tn,10,ÃßÊæÈÑ
ar_tn,11,äæÝãÈÑ
ar_tn,12,ÏíÓãÈÑ
ar_ye,1,íäÇíÑ
ar_ye,2,ÝÈÑÇíÑ
ar_ye,3,ãÇÑÓ
ar_ye,4,ÃÈÑíá
ar_ye,5,ãÇíæ
ar_ye,6,íæäíæ
ar_ye,7,íæáíæ
ar_ye,8,ÃÛÓØÓ
ar_ye,9,ÓÈÊãÈÑ
ar_ye,10,ÃßÊæÈÑ
ar_ye,11,äæÝãÈÑ
ar_ye,12,ÏíÓãÈÑ
arabic,1,íäÇíÑ
arabic,2,ÝÈÑÇíÑ
arabic,3,ãÇÑÓ
arabic,4,ÃÈÑíá
arabic,5,ãÇíæ
arabic,6,íæäíæ
arabic,7,íæáíæ
arabic,8,ÃÛÓØÓ
arabic,9,ÓÈÊãÈÑ
arabic,10,ÃßÊæÈÑ
arabic,11,äæÝãÈÑ
arabic,12,ÏíÓãÈÑ
as,1,à¦œà¦¾à¦¨à§à§±à¦¾à§°à§€
as,2,à¦«à§‡à¦¬à§à¦°à§à§±à¦¾à§°à§€
as,3,à¦®à¦¾à¦°à§à¦š
as,4,à¦à¦ªà§à¦°à¦¿à¦²
as,5,à¦®à§‡
as,6,à¦œà§à¦¨
as,7,à¦œà§à¦²à¦¾à¦‡
as,8,à¦†à¦—à¦·à§à¦Ÿ
as,9,à¦šà§‡à¦ªà§à¦Ÿà§‡à¦®à§à¦¬à§°
as,10,à¦…à¦•à§à¦Ÿà§‹à¦¬à§°
as,11,à¦¨à¦¬à§‡à¦®à§à¦¬à§°
as,12,à¦¡à¦¿à¦šà§‡à¦®à§à¦¬à§°
as_in,1,à¦œà¦¾à¦¨à§à§±à¦¾à§°à§€
as_in,2,à¦«à§‡à¦¬à§à¦°à§à§±à¦¾à§°à§€
as_in,3,à¦®à¦¾à¦°à§à¦š
as_in,4,à¦à¦ªà§à¦°à¦¿à¦²
as_in,5,à¦®à§‡
as_in,6,à¦œà§à¦¨
as_in,7,à¦œà§à¦²à¦¾à¦‡
as_in,8,à¦†à¦—à¦·à§à¦Ÿ
as_in,9,à¦šà§‡à¦ªà§à¦Ÿà§‡à¦®à§à¦¬à§°
as_in,10,à¦…à¦•à§à¦Ÿà§‹à¦¬à§°
as_in,11,à¦¨à¦¬à§‡à¦®à§à¦¬à§°
as_in,12,à¦¡à¦¿à¦šà§‡à¦®à§à¦¬à§°
ast_es,1,xineru
ast_es,2,febreru
ast_es,3,marzu
ast_es,4,abril
ast_es,5,mayu
ast_es,6,xunu
ast_es,7,xunetu
ast_es,8,agostu
ast_es,9,setiembre
ast_es,10,ochobre
ast_es,11,payares
ast_es,12,avientu
ayc_pe,1,January
ayc_pe,2,February
ayc_pe,3,March
ayc_pe,4,April
ayc_pe,5,May
ayc_pe,6,June
ayc_pe,7,July
ayc_pe,8,August
ayc_pe,9,September
ayc_pe,10,October
ayc_pe,11,November
ayc_pe,12,December
az,1,Yanvar
az,2,Fevral
az,3,Mart
az,4,Aprel
az,5,May
az,6,Ýyun
az,7,Ýyul
az,8,Avqust
az,9,Sentyabr
az,10,Oktyabr
az,11,Noyabr
az,12,Dekabr
az_az,1,Yanvar
az_az,2,Fevral
az_az,3,Mart
az_az,4,Aprel
az_az,5,May
az_az,6,Ýyun
az_az,7,Ýyul
az_az,8,Avqust
az_az,9,Sentyabr
az_az,10,Oktyabr
az_az,11,Noyabr
az_az,12,Dekabr
az_ir,1,Yanvar
az_ir,2,Fevral
az_ir,3,Mart
az_ir,4,Aprel
az_ir,5,May
az_ir,6,Ýyun
az_ir,7,Ýyul
az_ir,8,Avqust
az_ir,9,Sentyabr
az_ir,10,Oktyabr
az_ir,11,Noyabr
az_ir,12,Dekabr
be,1,ñòóäçåíü
be,2,ëþòû
be,3,ñàêàâ³ê
be,4,êðàñàâ³ê
be,5,ìàé
be,6,÷ýðâåíü
be,7,ë³ïåíü
be,8,æí³âåíü
be,9,âåðàñåíü
be,10,êàñòðû÷í³ê
be,11,ë³ñòàïàä
be,12,ñíåæàíü
be_by,1,ñòóäçåíü
be_by,2,ëþòû
be_by,3,ñàêàâ³ê
be_by,4,êðàñàâ³ê
be_by,5,ìàé
be_by,6,÷ýðâåíü
be_by,7,ë³ïåíü
be_by,8,æí³âåíü
be_by,9,âåðàñåíü
be_by,10,êàñòðû÷í³ê
be_by,11,ë³ñòàïàä
be_by,12,ñíåæàíü
bem_zm,1,Januari
bem_zm,2,Februari
bem_zm,3,Machi
bem_zm,4,Epreo
bem_zm,5,Mei
bem_zm,6,Juni
bem_zm,7,Julai
bem_zm,8,Ogasti
bem_zm,9,Septemba
bem_zm,10,Oktoba
bem_zm,11,Novemba
bem_zm,12,Disemba
ber_dz,1,January
ber_dz,2,February
ber_dz,3,March
ber_dz,4,April
ber_dz,5,May
ber_dz,6,June
ber_dz,7,July
ber_dz,8,August
ber_dz,9,September
ber_dz,10,October
ber_dz,11,November
ber_dz,12,December
ber_ma,1,January
ber_ma,2,February
ber_ma,3,March
ber_ma,4,April
ber_ma,5,May
ber_ma,6,June
ber_ma,7,July
ber_ma,8,August
ber_ma,9,September
ber_ma,10,October
ber_ma,11,November
ber_ma,12,December
bg,1,ÿíóàðè
bg,2,ôåâðóàðè
bg,3,ìàðò
bg,4,àïðèë
bg,5,ìàé
bg,6,þíè
bg,7,þëè
bg,8,àâãóñò
bg,9,ñåïòåìâðè
bg,10,îêòîìâðè
bg,11,íîåìâðè
bg,12,äåêåìâðè
bg_bg,1,ÿíóàðè
bg_bg,2,ôåâðóàðè
bg_bg,3,ìàðò
bg_bg,4,àïðèë
bg_bg,5,ìàé
bg_bg,6,þíè
bg_bg,7,þëè
bg_bg,8,àâãóñò
bg_bg,9,ñåïòåìâðè
bg_bg,10,îêòîìâðè
bg_bg,11,íîåìâðè
bg_bg,12,äåêåìâðè
bho_in,1,January
bho_in,2,February
bho_in,3,March
bho_in,4,April
bho_in,5,May
bho_in,6,June
bho_in,7,July
bho_in,8,August
bho_in,9,September
bho_in,10,October
bho_in,11,November
bho_in,12,December
bho_np,1,January
bho_np,2,February
bho_np,3,March
bho_np,4,April
bho_np,5,May
bho_np,6,June
bho_np,7,July
bho_np,8,August
bho_np,9,September
bho_np,10,October
bho_np,11,November
bho_np,12,December
bi_vu,1,January
bi_vu,2,February
bi_vu,3,March
bi_vu,4,April
bi_vu,5,May
bi_vu,6,June
bi_vu,7,July
bi_vu,8,August
bi_vu,9,September
bi_vu,10,October
bi_vu,11,November
bi_vu,12,December
bn_bd,1,à¦œà¦¾à¦¨à§à¦¯à¦¼à¦¾à¦°à§€
bn_bd,2,à¦«à§‡à¦¬à§à¦°à§à¦¯à¦¼à¦¾à¦°à§€
bn_bd,3,à¦®à¦¾à¦°à§à¦š
bn_bd,4,à¦à¦ªà§à¦°à¦¿à¦²
bn_bd,5,à¦®à§‡
bn_bd,6,à¦œà§à¦¨
bn_bd,7,à¦œà§à¦²à¦¾à¦‡
bn_bd,8,à¦†à¦—à¦¸à§à¦Ÿ
bn_bd,9,à¦¸à§‡à¦ªà§à¦Ÿà§‡à¦®à§à¦¬à¦°
bn_bd,10,à¦…à¦•à§à¦Ÿà§‹à¦¬à¦°
bn_bd,11,à¦¨à¦­à§‡à¦®à§à¦¬à¦°
bn_bd,12,à¦¡à¦¿à¦¸à§‡à¦®à§à¦¬à¦°
bn_in,1,à¦œà¦¾à¦¨à§à¦¯à¦¼à¦¾à¦°à§€
bn_in,2,à¦«à§‡à¦¬à§à¦°à§à¦¯à¦¼à¦¾à¦°à§€
bn_in,3,à¦®à¦¾à¦°à§à¦š
bn_in,4,à¦à¦ªà§à¦°à¦¿à¦²
bn_in,5,à¦®à§‡
bn_in,6,à¦œà§à¦¨
bn_in,7,à¦œà§à¦²à¦¾à¦‡
bn_in,8,à¦†à¦—à¦¸à§à¦Ÿ
bn_in,9,à¦¸à§‡à¦ªà§à¦Ÿà§‡à¦®à§à¦¬à¦°
bn_in,10,à¦…à¦•à§à¦Ÿà§‹à¦¬à¦°
bn_in,11,à¦¨à¦­à§‡à¦®à§à¦¬à¦°
bn_in,12,à¦¡à¦¿à¦¸à§‡à¦®à§à¦¬à¦°
bo_cn,1,à½¦à¾¤à¾±à½²à¼‹à½Ÿà¾³à¼‹à½‘à½„à¼‹à½”à½¼à¼
bo_cn,2,à½¦à¾¤à¾±à½²à¼‹à½Ÿà¾³à¼‹à½‚à½‰à½²à½¦à¼‹à½”à¼
bo_cn,3,à½¦à¾¤à¾±à½²à¼‹à½Ÿà¾³à¼‹à½‚à½¦à½´à½˜à¼‹à½”à¼
bo_cn,4,à½¦à¾¤à¾±à½²à¼‹à½Ÿà¾³à¼‹à½–à½žà½²à¼‹à½”à¼
bo_cn,5,à½¦à¾¤à¾±à½²à¼‹à½Ÿà¾³à¼‹à½£à¾”à¼‹à½”à¼
bo_cn,6,à½¦à¾¤à¾±à½²à¼‹à½Ÿà¾³à¼‹à½‘à¾²à½´à½‚à¼‹à½”à¼
bo_cn,7,à½¦à¾¤à¾±à½²à¼‹à½Ÿà¾³à¼‹à½–à½‘à½´à½“à¼‹à½”à¼
bo_cn,8,à½¦à¾¤à¾±à½²à¼‹à½Ÿà¾³à¼‹à½–à½¢à¾’à¾±à½‘à¼‹à½”à¼
bo_cn,9,à½¦à¾¤à¾±à½²à¼‹à½Ÿà¾³à¼‹à½‘à½‚à½´à¼‹à½”à¼
bo_cn,10,à½¦à¾¤à¾±à½²à¼‹à½Ÿà¾³à¼‹à½–à½…à½´à¼‹à½”à¼
bo_cn,11,à½¦à¾¤à¾±à½²à¼‹à½Ÿà¾³à¼‹à½–à½…à½´à¼‹à½‚à½…à½²à½‚à¼‹à½”à¼
bo_cn,12,à½¦à¾¤à¾±à½²à¼‹à½Ÿà¾³à¼‹à½–à½…à½´à¼‹à½‚à½‰à½²à½¦à¼‹à½”à¼
bo_in,1,à½Ÿà¾³à¼‹à½–à¼‹à½‘à½„à¼‹à½”à½¼à¼‹
bo_in,2,à½Ÿà¾³à¼‹à½–à¼‹à½‚à½‰à½²à½¦à¼‹à½”à¼‹
bo_in,3,à½Ÿà¾³à¼‹à½–à¼‹à½‚à½¦à½´à½˜à¼‹à½”à¼‹
bo_in,4,à½Ÿà¾³à¼‹à½–à¼‹à½–à½žà½²à¼‹à½”à¼‹
bo_in,5,à½Ÿà¾³à¼‹à½–à¼‹à½£à¾”à¼‹à½”à¼‹
bo_in,6,à½Ÿà¾³à¼‹à½–à¼‹à½‘à¾²à½´à½‚à¼‹à½”à¼‹
bo_in,7,à½Ÿà¾³à¼‹à½–à¼‹à½–à½‘à½´à½“à¼‹à½”à¼‹
bo_in,8,à½Ÿà¾³à¼‹à½–à¼‹à½–à½¢à¾’à¾±à½‘à¼‹à½”à¼‹
bo_in,9,à½Ÿà¾³à¼‹à½–à¼‹à½‘à½‚à½´à¼‹à½”à¼‹
bo_in,10,à½Ÿà¾³à¼‹à½–à¼‹à½–à½…à½´à¼‹à½”à¼‹
bo_in,11,à½Ÿà¾³à¼‹à½–à¼‹à½–à½…à½´à¼‹à½‚à½…à½²à½‚à¼‹à½”à¼‹
bo_in,12,à½Ÿà¾³à¼‹à½–à¼‹à½–à½…à½´à¼‹à½‚à½‰à½²à½¦à¼‹à½”à¼‹
br,1,Genver
br,2,C'hwevrer
br,3,Meurzh
br,4,Ebrel
br,5,Mae
br,6,Mezheven
br,7,Gouere
br,8,Eost
br,9,Gwengolo
br,10,Here
br,11,Du
br,12,Kerzu
br_fr,1,Genver
br_fr,2,C'hwevrer
br_fr,3,Meurzh
br_fr,4,Ebrel
br_fr,5,Mae
br_fr,6,Mezheven
br_fr,7,Gouere
br_fr,8,Eost
br_fr,9,Gwengolo
br_fr,10,Here
br_fr,11,Du
br_fr,12,Kerzu
brx_in,1,à¤œà¤¾à¤¨à¥à¤µà¤¾à¤°à¥€
brx_in,2,à¤«à¥‡à¤¬à¥à¤°à¥à¤µà¤¾à¤°à¥€
brx_in,3,à¤®à¤¾à¤°à¥à¤¸
brx_in,4,à¤à¤«à¥à¤°à¤¿à¤²
brx_in,5,à¤®à¥‡
brx_in,6,à¤œà¥à¤¨
brx_in,7,à¤œà¥à¤²à¤¾à¤‡
brx_in,8,à¤†à¤—à¤¸à¥à¤¥
brx_in,9,à¤¸à¥‡à¤¬à¤¥à¥‡à¤œà¥à¤¬à¤¼à¤°
brx_in,10,à¤…à¤–à¤¥à¤¬à¤°
brx_in,11,à¤¨à¤¬à¥‡à¤œà¥à¤¬à¤¼à¤°
brx_in,12,à¤¦à¤¿à¤¸à¥‡à¤œà¥à¤¬à¤¼à¤°
bs,1,januar
bs,2,februar
bs,3,mart
bs,4,april
bs,5,maj
bs,6,juni
bs,7,juli
bs,8,august
bs,9,septembar
bs,10,oktobar
bs,11,novembar
bs,12,decembar
bs_ba,1,januar
bs_ba,2,februar
bs_ba,3,mart
bs_ba,4,april
bs_ba,5,maj
bs_ba,6,juni
bs_ba,7,juli
bs_ba,8,august
bs_ba,9,septembar
bs_ba,10,oktobar
bs_ba,11,novembar
bs_ba,12,decembar
bulgarian,1,ÿíóàðè
bulgarian,2,ôåâðóàðè
bulgarian,3,ìàðò
bulgarian,4,àïðèë
bulgarian,5,ìàé
bulgarian,6,þíè
bulgarian,7,þëè
bulgarian,8,àâãóñò
bulgarian,9,ñåïòåìâðè
bulgarian,10,îêòîìâðè
bulgarian,11,íîåìâðè
bulgarian,12,äåêåìâðè
byn_er,1,áˆá‹°á‰µáˆª
byn_er,2,áŠ«á‰¥áŠ½á‰¥á‰²
byn_er,3,áŠ­á‰¥áˆ‹
byn_er,4,á‹áŒ…áŠºáˆª
byn_er,5,áŠ­á‰¢á‰…áˆª
byn_er,6,áˆáŠªáŠ¤áˆ á‰µáŒŸáŠ’áˆª
byn_er,7,áŠ°áˆ­áŠ©
byn_er,8,áˆ›áˆ­á‹«áˆ á‰µáˆª
byn_er,9,á‹«áŠ¸áŠ’ áˆ˜áˆ³á‰…áˆˆáˆª
byn_er,10,áˆ˜á‰°áˆ‰
byn_er,11,áˆáŠªáŠ¤áˆ áˆ˜áˆ½á‹ˆáˆª
byn_er,12,á‰°áˆ•áˆ³áˆµáˆª
c-french,1,January
c-french,2,February
c-french,3,March
c-french,4,April
c-french,5,May
c-french,6,June
c-french,7,July
c-french,8,August
c-french,9,September
c-french,10,October
c-french,11,November
c-french,12,December
c_c,1,January
c_c,2,February
c_c,3,March
c_c,4,April
c_c,5,May
c_c,6,June
c_c,7,July
c_c,8,August
c_c,9,September
c_c,10,October
c_c,11,November
c_c,12,December
ca,1,gener
ca,2,febrer
ca,3,març
ca,4,abril
ca,5,maig
ca,6,juny
ca,7,juliol
ca,8,agost
ca,9,setembre
ca,10,octubre
ca,11,novembre
ca,12,desembre
ca_ad,1,gener
ca_ad,2,febrer
ca_ad,3,març
ca_ad,4,abril
ca_ad,5,maig
ca_ad,6,juny
ca_ad,7,juliol
ca_ad,8,agost
ca_ad,9,setembre
ca_ad,10,octubre
ca_ad,11,novembre
ca_ad,12,desembre
ca_es,1,gener
ca_es,2,febrer
ca_es,3,març
ca_es,4,abril
ca_es,5,maig
ca_es,6,juny
ca_es,7,juliol
ca_es,8,agost
ca_es,9,setembre
ca_es,10,octubre
ca_es,11,novembre
ca_es,12,desembre
ca_fr,1,gener
ca_fr,2,febrer
ca_fr,3,març
ca_fr,4,abril
ca_fr,5,maig
ca_fr,6,juny
ca_fr,7,juliol
ca_fr,8,agost
ca_fr,9,setembre
ca_fr,10,octubre
ca_fr,11,novembre
ca_fr,12,desembre
ca_it,1,gener
ca_it,2,febrer
ca_it,3,març
ca_it,4,abril
ca_it,5,maig
ca_it,6,juny
ca_it,7,juliol
ca_it,8,agost
ca_it,9,setembre
ca_it,10,octubre
ca_it,11,novembre
ca_it,12,desembre
catalan,1,gener
catalan,2,febrer
catalan,3,març
catalan,4,abril
catalan,5,maig
catalan,6,juny
catalan,7,juliol
catalan,8,agost
catalan,9,setembre
catalan,10,octubre
catalan,11,novembre
catalan,12,desembre
ce_ru,1,ÑÐ½Ð²Ð°Ñ€ÑŒ
ce_ru,2,Ñ„ÐµÐ²Ñ€Ð°Ð»ÑŒ
ce_ru,3,Ð¼Ð°Ñ€Ñ‚
ce_ru,4,Ð°Ð¿Ñ€ÐµÐ»ÑŒ
ce_ru,5,Ð¼Ð°Ð¹
ce_ru,6,Ð¸ÑŽÐ½ÑŒ
ce_ru,7,Ð¸ÑŽÐ»ÑŒ
ce_ru,8,Ð°Ð²Ð³ÑƒÑÑ‚
ce_ru,9,ÑÐµÐ½Ñ‚ÑÐ±Ñ€ÑŒ
ce_ru,10,Ð¾ÐºÑ‚ÑÐ±Ñ€ÑŒ
ce_ru,11,Ð½Ð¾ÑÐ±Ñ€ÑŒ
ce_ru,12,Ð´ÐµÐºÐ°Ð±Ñ€ÑŒ
chr_us,1,áŽ¤áƒáŽ¸á”á…
chr_us,2,áŽ§áŽ¦áŽµ
chr_us,3,áŽ á…á±
chr_us,4,áá¬á‚
chr_us,5,áŽ á‚ááŽ¬á˜
chr_us,6,á•áŽ­áŽ·á±
chr_us,7,áŽ«á°á‰á‚
chr_us,8,áŽ¦áŽ¶á‚
chr_us,9,ášáŽµáá—
chr_us,10,ášá‚á…á—
chr_us,11,á…á“á•á†
chr_us,12,áŽ¤ááŽ©á±
ckb_iq,1,˜Çäææäí Ïææ?ã
ckb_iq,2,ÔæÈÇÊ
ckb_iq,3,ÆÇÒÇÑ
ckb_iq,4,äíÓÇä
ckb_iq,5,ÆÇíÇÑ
ckb_iq,6,ÍæÒ?íÑÇä
ckb_iq,7,Ê?ãææÒ
ckb_iq,8,ÆÇÈ
ckb_iq,9,Æ?íáææá
ckb_iq,10,ÊÔÑíäí í?˜?ã
ckb_iq,11,ÊÔÑíäí Ïææ?ã
ckb_iq,12,˜Çäæäí í?˜?ã
cmn_tw,1,January
cmn_tw,2,February
cmn_tw,3,March
cmn_tw,4,April
cmn_tw,5,May
cmn_tw,6,June
cmn_tw,7,July
cmn_tw,8,August
cmn_tw,9,September
cmn_tw,10,October
cmn_tw,11,November
cmn_tw,12,December
crh_ua,1,January
crh_ua,2,February
crh_ua,3,March
crh_ua,4,April
crh_ua,5,May
crh_ua,6,June
crh_ua,7,July
crh_ua,8,August
crh_ua,9,September
crh_ua,10,October
crh_ua,11,November
crh_ua,12,December
croatian,1,sijeèanj
croatian,2,veljaèa
croatian,3,ožujak
croatian,4,travanj
croatian,5,svibanj
croatian,6,lipanj
croatian,7,srpanj
croatian,8,kolovoz
croatian,9,rujan
croatian,10,listopad
croatian,11,studeni
croatian,12,prosinac
cs,1,leden
cs,2,únor
cs,3,bøezen
cs,4,duben
cs,5,kvìten
cs,6,èerven
cs,7,èervenec
cs,8,srpen
cs,9,záøí
cs,10,øíjen
cs,11,listopad
cs,12,prosinec
cs_cs,1,leden
cs_cs,2,únor
cs_cs,3,bøezen
cs_cs,4,duben
cs_cs,5,kvìten
cs_cs,6,èerven
cs_cs,7,èervenec
cs_cs,8,srpen
cs_cs,9,záøí
cs_cs,10,øíjen
cs_cs,11,listopad
cs_cs,12,prosinec
cs_cz,1,leden
cs_cz,2,únor
cs_cz,3,bøezen
cs_cz,4,duben
cs_cz,5,kvìten
cs_cz,6,èerven
cs_cz,7,èervenec
cs_cz,8,srpen
cs_cz,9,záøí
cs_cz,10,øíjen
cs_cz,11,listopad
cs_cz,12,prosinec
csb_pl,1,January
csb_pl,2,February
csb_pl,3,March
csb_pl,4,April
csb_pl,5,May
csb_pl,6,June
csb_pl,7,July
csb_pl,8,August
csb_pl,9,September
csb_pl,10,October
csb_pl,11,November
csb_pl,12,December
cv_ru,1,January
cv_ru,2,February
cv_ru,3,March
cv_ru,4,April
cv_ru,5,May
cv_ru,6,June
cv_ru,7,July
cv_ru,8,August
cv_ru,9,September
cv_ru,10,October
cv_ru,11,November
cv_ru,12,December
cy,1,Ionawr
cy,2,Chwefror
cy,3,Mawrth
cy,4,Ebrill
cy,5,Mai
cy,6,Mehefin
cy,7,Gorffennaf
cy,8,Awst
cy,9,Medi
cy,10,Hydref
cy,11,Tachwedd
cy,12,Rhagfyr
cy_gb,1,Ionawr
cy_gb,2,Chwefror
cy_gb,3,Mawrth
cy_gb,4,Ebrill
cy_gb,5,Mai
cy_gb,6,Mehefin
cy_gb,7,Gorffennaf
cy_gb,8,Awst
cy_gb,9,Medi
cy_gb,10,Hydref
cy_gb,11,Tachwedd
cy_gb,12,Rhagfyr
cz,1,January
cz,2,February
cz,3,March
cz,4,April
cz,5,May
cz,6,June
cz,7,July
cz,8,August
cz,9,September
cz,10,October
cz,11,November
cz,12,December
cz_cz,1,January
cz_cz,2,February
cz_cz,3,March
cz_cz,4,April
cz_cz,5,May
cz_cz,6,June
cz_cz,7,July
cz_cz,8,August
cz_cz,9,September
cz_cz,10,October
cz_cz,11,November
cz_cz,12,December
czech,1,leden
czech,2,únor
czech,3,bøezen
czech,4,duben
czech,5,kvìten
czech,6,èerven
czech,7,èervenec
czech,8,srpen
czech,9,záøí
czech,10,øíjen
czech,11,listopad
czech,12,prosinec
da,1,januar
da,2,februar
da,3,marts
da,4,april
da,5,maj
da,6,juni
da,7,juli
da,8,august
da,9,september
da,10,oktober
da,11,november
da,12,december
da_dk,1,januar
da_dk,2,februar
da_dk,3,marts
da_dk,4,april
da_dk,5,maj
da_dk,6,juni
da_dk,7,juli
da_dk,8,august
da_dk,9,september
da_dk,10,oktober
da_dk,11,november
da_dk,12,december
danish,1,januar
danish,2,februar
danish,3,marts
danish,4,april
danish,5,maj
danish,6,juni
danish,7,juli
danish,8,august
danish,9,september
danish,10,oktober
danish,11,november
danish,12,december
de,1,Januar
de,2,Februar
de,3,März
de,4,April
de,5,Mai
de,6,Juni
de,7,Juli
de,8,August
de,9,September
de,10,Oktober
de,11,November
de,12,Dezember
de_at,1,Jänner
de_at,2,Februar
de_at,3,März
de_at,4,April
de_at,5,Mai
de_at,6,Juni
de_at,7,Juli
de_at,8,August
de_at,9,September
de_at,10,Oktober
de_at,11,November
de_at,12,Dezember
de_be,1,Januar
de_be,2,Februar
de_be,3,März
de_be,4,April
de_be,5,Mai
de_be,6,Juni
de_be,7,Juli
de_be,8,August
de_be,9,September
de_be,10,Oktober
de_be,11,November
de_be,12,Dezember
de_ch,1,Januar
de_ch,2,Februar
de_ch,3,März
de_ch,4,April
de_ch,5,Mai
de_ch,6,Juni
de_ch,7,Juli
de_ch,8,August
de_ch,9,September
de_ch,10,Oktober
de_ch,11,November
de_ch,12,Dezember
de_de,1,Januar
de_de,2,Februar
de_de,3,März
de_de,4,April
de_de,5,Mai
de_de,6,Juni
de_de,7,Juli
de_de,8,August
de_de,9,September
de_de,10,Oktober
de_de,11,November
de_de,12,Dezember
de_it,1,JÃ¤nner
de_it,2,Februar
de_it,3,MÃ¤rz
de_it,4,April
de_it,5,Mai
de_it,6,Juni
de_it,7,Juli
de_it,8,August
de_it,9,September
de_it,10,Oktober
de_it,11,November
de_it,12,Dezember
de_lu,1,Januar
de_lu,2,Februar
de_lu,3,März
de_lu,4,April
de_lu,5,Mai
de_lu,6,Juni
de_lu,7,Juli
de_lu,8,August
de_lu,9,September
de_lu,10,Oktober
de_lu,11,November
de_lu,12,Dezember
doi_in,1,January
doi_in,2,February
doi_in,3,March
doi_in,4,April
doi_in,5,May
doi_in,6,June
doi_in,7,July
doi_in,8,August
doi_in,9,September
doi_in,10,October
doi_in,11,November
doi_in,12,December
dutch,1,januari
dutch,2,februari
dutch,3,maart
dutch,4,april
dutch,5,mei
dutch,6,juni
dutch,7,juli
dutch,8,augustus
dutch,9,september
dutch,10,oktober
dutch,11,november
dutch,12,december
dv_mv,1,Þ–Þ¦Þ‚Þ¦ÞˆÞ¦ÞƒÞ©
dv_mv,2,ÞŠÞ¬Þ„Þ°ÞƒÞªÞ‡Þ¦ÞƒÞ©
dv_mv,3,Þ‰Þ§ÞƒÞ—Þ°
dv_mv,4,Þ‡Þ­Þ•Þ°ÞƒÞ¨ÞÞ°
dv_mv,5,Þ‰Þ¬Þ‡Þ¨
dv_mv,6,Þ–Þ«Þ‚Þ°
dv_mv,7,Þ–ÞªÞÞ¦Þ‡Þ¨
dv_mv,8,Þ‡Þ®ÞŽÞ¦ÞÞ°Þ“Þ°
dv_mv,9,ÞÞ¬Þ•Þ°Þ“Þ¬Þ‰Þ°Þ„Þ¦Þƒ
dv_mv,10,Þ‡Þ®Þ†Þ°Þ“Þ¯Þ„Þ¦Þƒ
dv_mv,11,Þ‚Þ®ÞˆÞ¬Þ‰Þ°Þ„Þ¦Þƒ
dv_mv,12,Þ‘Þ¨ÞÞ¬Þ‰Þ°Þ„Þ¦Þƒ
dz_bt,1,à½¦à¾¤à¾±à½²à¼‹à½Ÿà¾³à¼‹à½‘à½„à½”à¼‹
dz_bt,2,à½¦à¾¤à¾±à½²à¼‹à½Ÿà¾³à¼‹à½‚à½‰à½²à½¦à¼‹à½”à¼‹
dz_bt,3,à½¦à¾¤à¾±à½²à¼‹à½Ÿà¾³à¼‹à½‚à½¦à½´à½˜à¼‹à½”à¼‹
dz_bt,4,à½¦à¾¤à¾±à½²à¼‹à½Ÿà¾³à¼‹à½–à½žà½²à¼‹à½”
dz_bt,5,à½¦à¾¤à¾±à½²à¼‹à½Ÿà¾³à¼‹à½£à¾”à¼‹à½”à¼‹
dz_bt,6,à½¦à¾¤à¾±à½²à¼‹à½Ÿà¾³à¼‹à½‘à¾²à½´à½‚à¼‹à½”
dz_bt,7,à½¦à¾¤à¾±à½²à¼‹à½Ÿà¾³à¼‹à½–à½‘à½´à½“à¼‹à½”à¼‹
dz_bt,8,à½¦à¾¤à¾±à½²à¼‹à½Ÿà¾³à¼‹à½–à½¢à¾’à¾±à½‘à¼‹à½”à¼‹
dz_bt,9,à½¦à¾¤à¾±à½²à¼‹à½Ÿà¾³à¼‹à½‘à½‚à½´à¼‹à½”à¼‹
dz_bt,10,à½¦à¾¤à¾±à½²à¼‹à½Ÿà¾³à¼‹à½–à½…à½´à¼‹à½”à¼‹
dz_bt,11,à½¦à¾¤à¾±à½²à¼‹à½Ÿà¾³à¼‹à½–à½…à½´à¼‹à½‚à½…à½²à½‚à¼‹à½”à¼‹
dz_bt,12,à½¦à¾¤à¾±à½²à¼‹à½Ÿà¾³à¼‹à½–à½…à½´à¼‹à½‚à½‰à½²à½¦à¼‹à½”à¼‹
ee,1,dzove
ee,2,dzodze
ee,3,tedoxe
ee,4,afÉ”fÄ©e
ee,5,dama
ee,6,masa
ee,7,siamlÉ”m
ee,8,deasiamime
ee,9,anyÉ”nyÉ”
ee,10,kele
ee,11,adeÉ›mekpÉ”xe
ee,12,dzome
ee_ee,1,dzove
ee_ee,2,dzodze
ee_ee,3,tedoxe
ee_ee,4,afÉ”fÄ©e
ee_ee,5,dama
ee_ee,6,masa
ee_ee,7,siamlÉ”m
ee_ee,8,deasiamime
ee_ee,9,anyÉ”nyÉ”
ee_ee,10,kele
ee_ee,11,adeÉ›mekpÉ”xe
ee_ee,12,dzome
el,1,ÉáíïõÜñéïò
el,2,ÖåâñïõÜñéïò
el,3,ÌÜñôéïò
el,4,Áðñßëéïò
el,5,ÌÜéïò
el,6,Éïýíéïò
el,7,Éïýëéïò
el,8,Áýãïõóôïò
el,9,ÓåðôÝìâñéïò
el,10,Ïêôþâñéïò
el,11,ÍïÝìâñéïò
el,12,ÄåêÝìâñéïò
el_cy,1,ÉáíïõÜñéïò
el_cy,2,ÖåâñïõÜñéïò
el_cy,3,ÌÜñôéïò
el_cy,4,Áðñßëéïò
el_cy,5,ÌÜéïò
el_cy,6,Éïýíéïò
el_cy,7,Éïýëéïò
el_cy,8,Áýãïõóôïò
el_cy,9,ÓåðôÝìâñéïò
el_cy,10,Ïêôþâñéïò
el_cy,11,ÍïÝìâñéïò
el_cy,12,ÄåêÝìâñéïò
el_gr,1,ÉáíïõÜñéïò
el_gr,2,ÖåâñïõÜñéïò
el_gr,3,ÌÜñôéïò
el_gr,4,Áðñßëéïò
el_gr,5,ÌÜéïò
el_gr,6,Éïýíéïò
el_gr,7,Éïýëéïò
el_gr,8,Áýãïõóôïò
el_gr,9,ÓåðôÝìâñéïò
el_gr,10,Ïêôþâñéïò
el_gr,11,ÍïÝìâñéïò
el_gr,12,ÄåêÝìâñéïò
en,1,January
en,2,February
en,3,March
en,4,April
en,5,May
en,6,June
en,7,July
en,8,August
en,9,September
en,10,October
en,11,November
en,12,December
en_ag,1,January
en_ag,2,February
en_ag,3,March
en_ag,4,April
en_ag,5,May
en_ag,6,June
en_ag,7,July
en_ag,8,August
en_ag,9,September
en_ag,10,October
en_ag,11,November
en_ag,12,December
en_au,1,January
en_au,2,February
en_au,3,March
en_au,4,April
en_au,5,May
en_au,6,June
en_au,7,July
en_au,8,August
en_au,9,September
en_au,10,October
en_au,11,November
en_au,12,December
en_be,1,January
en_be,2,February
en_be,3,March
en_be,4,April
en_be,5,May
en_be,6,June
en_be,7,July
en_be,8,August
en_be,9,September
en_be,10,October
en_be,11,November
en_be,12,December
en_bw,1,January
en_bw,2,February
en_bw,3,March
en_bw,4,April
en_bw,5,May
en_bw,6,June
en_bw,7,July
en_bw,8,August
en_bw,9,September
en_bw,10,October
en_bw,11,November
en_bw,12,December
en_ca,1,January
en_ca,2,February
en_ca,3,March
en_ca,4,April
en_ca,5,May
en_ca,6,June
en_ca,7,July
en_ca,8,August
en_ca,9,September
en_ca,10,October
en_ca,11,November
en_ca,12,December
en_dk,1,January
en_dk,2,February
en_dk,3,March
en_dk,4,April
en_dk,5,May
en_dk,6,June
en_dk,7,July
en_dk,8,August
en_dk,9,September
en_dk,10,October
en_dk,11,November
en_dk,12,December
en_gb,1,January
en_gb,2,February
en_gb,3,March
en_gb,4,April
en_gb,5,May
en_gb,6,June
en_gb,7,July
en_gb,8,August
en_gb,9,September
en_gb,10,October
en_gb,11,November
en_gb,12,December
en_hk,1,January
en_hk,2,February
en_hk,3,March
en_hk,4,April
en_hk,5,May
en_hk,6,June
en_hk,7,July
en_hk,8,August
en_hk,9,September
en_hk,10,October
en_hk,11,November
en_hk,12,December
en_ie,1,January
en_ie,2,February
en_ie,3,March
en_ie,4,April
en_ie,5,May
en_ie,6,June
en_ie,7,July
en_ie,8,August
en_ie,9,September
en_ie,10,October
en_ie,11,November
en_ie,12,December
en_il,1,January
en_il,2,February
en_il,3,March
en_il,4,April
en_il,5,May
en_il,6,June
en_il,7,July
en_il,8,August
en_il,9,September
en_il,10,October
en_il,11,November
en_il,12,December
en_in,1,January
en_in,2,February
en_in,3,March
en_in,4,April
en_in,5,May
en_in,6,June
en_in,7,July
en_in,8,August
en_in,9,September
en_in,10,October
en_in,11,November
en_in,12,December
en_ng,1,January
en_ng,2,February
en_ng,3,March
en_ng,4,April
en_ng,5,May
en_ng,6,June
en_ng,7,July
en_ng,8,August
en_ng,9,September
en_ng,10,October
en_ng,11,November
en_ng,12,December
en_nz,1,January
en_nz,2,February
en_nz,3,March
en_nz,4,April
en_nz,5,May
en_nz,6,June
en_nz,7,July
en_nz,8,August
en_nz,9,September
en_nz,10,October
en_nz,11,November
en_nz,12,December
en_ph,1,January
en_ph,2,February
en_ph,3,March
en_ph,4,April
en_ph,5,May
en_ph,6,June
en_ph,7,July
en_ph,8,August
en_ph,9,September
en_ph,10,October
en_ph,11,November
en_ph,12,December
en_sg,1,January
en_sg,2,February
en_sg,3,March
en_sg,4,April
en_sg,5,May
en_sg,6,June
en_sg,7,July
en_sg,8,August
en_sg,9,September
en_sg,10,October
en_sg,11,November
en_sg,12,December
en_uk,1,January
en_uk,2,February
en_uk,3,March
en_uk,4,April
en_uk,5,May
en_uk,6,June
en_uk,7,July
en_uk,8,August
en_uk,9,September
en_uk,10,October
en_uk,11,November
en_uk,12,December
en_us,1,January
en_us,2,February
en_us,3,March
en_us,4,April
en_us,5,May
en_us,6,June
en_us,7,July
en_us,8,August
en_us,9,September
en_us,10,October
en_us,11,November
en_us,12,December
en_za,1,January
en_za,2,February
en_za,3,March
en_za,4,April
en_za,5,May
en_za,6,June
en_za,7,July
en_za,8,August
en_za,9,September
en_za,10,October
en_za,11,November
en_za,12,December
en_zm,1,January
en_zm,2,February
en_zm,3,March
en_zm,4,April
en_zm,5,May
en_zm,6,June
en_zm,7,July
en_zm,8,August
en_zm,9,September
en_zm,10,October
en_zm,11,November
en_zm,12,December
en_zw,1,January
en_zw,2,February
en_zw,3,March
en_zw,4,April
en_zw,5,May
en_zw,6,June
en_zw,7,July
en_zw,8,August
en_zw,9,September
en_zw,10,October
en_zw,11,November
en_zw,12,December
eng_gb,1,January
eng_gb,2,February
eng_gb,3,March
eng_gb,4,April
eng_gb,5,May
eng_gb,6,June
eng_gb,7,July
eng_gb,8,August
eng_gb,9,September
eng_gb,10,October
eng_gb,11,November
eng_gb,12,December
english,1,January
english,2,February
english,3,March
english,4,April
english,5,May
english,6,June
english,7,July
english,8,August
english,9,September
english,10,October
english,11,November
english,12,December
english_uk,1,January
english_uk,2,February
english_uk,3,March
english_uk,4,April
english_uk,5,May
english_uk,6,June
english_uk,7,July
english_uk,8,August
english_uk,9,September
english_uk,10,October
english_uk,11,November
english_uk,12,December
english_united-states,1,January
english_united-states,2,February
english_united-states,3,March
english_united-states,4,April
english_united-states,5,May
english_united-states,6,June
english_united-states,7,July
english_united-states,8,August
english_united-states,9,September
english_united-states,10,October
english_united-states,11,November
english_united-states,12,December
english_us,1,January
english_us,2,February
english_us,3,March
english_us,4,April
english_us,5,May
english_us,6,June
english_us,7,July
english_us,8,August
english_us,9,September
english_us,10,October
english_us,11,November
english_us,12,December
eo,1,januaro
eo,2,februaro
eo,3,marto
eo,4,aprilo
eo,5,majo
eo,6,junio
eo,7,julio
eo,8,aÅ­gusto
eo,9,septembro
eo,10,oktobro
eo,11,novembro
eo,12,decembro
eo_eo,1,januaro
eo_eo,2,februaro
eo_eo,3,marto
eo_eo,4,aprilo
eo_eo,5,majo
eo_eo,6,junio
eo_eo,7,julio
eo_eo,8,aÅ­gusto
eo_eo,9,septembro
eo_eo,10,oktobro
eo_eo,11,novembro
eo_eo,12,decembro
eo_xx,1,januaro
eo_xx,2,februaro
eo_xx,3,marto
eo_xx,4,aprilo
eo_xx,5,majo
eo_xx,6,junio
eo_xx,7,julio
eo_xx,8,aÅ­gusto
eo_xx,9,septembro
eo_xx,10,oktobro
eo_xx,11,novembro
eo_xx,12,decembro
es,1,enero
es,2,febrero
es,3,marzo
es,4,abril
es,5,mayo
es,6,junio
es,7,julio
es,8,agosto
es,9,septiembre
es,10,octubre
es,11,noviembre
es,12,diciembre
es_ar,1,enero
es_ar,2,febrero
es_ar,3,marzo
es_ar,4,abril
es_ar,5,mayo
es_ar,6,junio
es_ar,7,julio
es_ar,8,agosto
es_ar,9,septiembre
es_ar,10,octubre
es_ar,11,noviembre
es_ar,12,diciembre
es_bo,1,enero
es_bo,2,febrero
es_bo,3,marzo
es_bo,4,abril
es_bo,5,mayo
es_bo,6,junio
es_bo,7,julio
es_bo,8,agosto
es_bo,9,septiembre
es_bo,10,octubre
es_bo,11,noviembre
es_bo,12,diciembre
es_cl,1,enero
es_cl,2,febrero
es_cl,3,marzo
es_cl,4,abril
es_cl,5,mayo
es_cl,6,junio
es_cl,7,julio
es_cl,8,agosto
es_cl,9,septiembre
es_cl,10,octubre
es_cl,11,noviembre
es_cl,12,diciembre
es_co,1,enero
es_co,2,febrero
es_co,3,marzo
es_co,4,abril
es_co,5,mayo
es_co,6,junio
es_co,7,julio
es_co,8,agosto
es_co,9,septiembre
es_co,10,octubre
es_co,11,noviembre
es_co,12,diciembre
es_cr,1,enero
es_cr,2,febrero
es_cr,3,marzo
es_cr,4,abril
es_cr,5,mayo
es_cr,6,junio
es_cr,7,julio
es_cr,8,agosto
es_cr,9,septiembre
es_cr,10,octubre
es_cr,11,noviembre
es_cr,12,diciembre
es_cu,1,enero
es_cu,2,febrero
es_cu,3,marzo
es_cu,4,abril
es_cu,5,mayo
es_cu,6,junio
es_cu,7,julio
es_cu,8,agosto
es_cu,9,septiembre
es_cu,10,octubre
es_cu,11,noviembre
es_cu,12,diciembre
es_do,1,enero
es_do,2,febrero
es_do,3,marzo
es_do,4,abril
es_do,5,mayo
es_do,6,junio
es_do,7,julio
es_do,8,agosto
es_do,9,septiembre
es_do,10,octubre
es_do,11,noviembre
es_do,12,diciembre
es_ec,1,enero
es_ec,2,febrero
es_ec,3,marzo
es_ec,4,abril
es_ec,5,mayo
es_ec,6,junio
es_ec,7,julio
es_ec,8,agosto
es_ec,9,septiembre
es_ec,10,octubre
es_ec,11,noviembre
es_ec,12,diciembre
es_es,1,enero
es_es,2,febrero
es_es,3,marzo
es_es,4,abril
es_es,5,mayo
es_es,6,junio
es_es,7,julio
es_es,8,agosto
es_es,9,septiembre
es_es,10,octubre
es_es,11,noviembre
es_es,12,diciembre
es_gt,1,enero
es_gt,2,febrero
es_gt,3,marzo
es_gt,4,abril
es_gt,5,mayo
es_gt,6,junio
es_gt,7,julio
es_gt,8,agosto
es_gt,9,septiembre
es_gt,10,octubre
es_gt,11,noviembre
es_gt,12,diciembre
es_hn,1,enero
es_hn,2,febrero
es_hn,3,marzo
es_hn,4,abril
es_hn,5,mayo
es_hn,6,junio
es_hn,7,julio
es_hn,8,agosto
es_hn,9,septiembre
es_hn,10,octubre
es_hn,11,noviembre
es_hn,12,diciembre
es_mx,1,enero
es_mx,2,febrero
es_mx,3,marzo
es_mx,4,abril
es_mx,5,mayo
es_mx,6,junio
es_mx,7,julio
es_mx,8,agosto
es_mx,9,septiembre
es_mx,10,octubre
es_mx,11,noviembre
es_mx,12,diciembre
es_ni,1,enero
es_ni,2,febrero
es_ni,3,marzo
es_ni,4,abril
es_ni,5,mayo
es_ni,6,junio
es_ni,7,julio
es_ni,8,agosto
es_ni,9,septiembre
es_ni,10,octubre
es_ni,11,noviembre
es_ni,12,diciembre
es_pa,1,enero
es_pa,2,febrero
es_pa,3,marzo
es_pa,4,abril
es_pa,5,mayo
es_pa,6,junio
es_pa,7,julio
es_pa,8,agosto
es_pa,9,septiembre
es_pa,10,octubre
es_pa,11,noviembre
es_pa,12,diciembre
es_pe,1,Enero
es_pe,2,Febrero
es_pe,3,Marzo
es_pe,4,Abril
es_pe,5,Mayo
es_pe,6,Junio
es_pe,7,Julio
es_pe,8,Agosto
es_pe,9,Setiembre
es_pe,10,Octubre
es_pe,11,Noviembre
es_pe,12,Diciembre
es_pr,1,enero
es_pr,2,febrero
es_pr,3,marzo
es_pr,4,abril
es_pr,5,mayo
es_pr,6,junio
es_pr,7,julio
es_pr,8,agosto
es_pr,9,septiembre
es_pr,10,octubre
es_pr,11,noviembre
es_pr,12,diciembre
es_py,1,enero
es_py,2,febrero
es_py,3,marzo
es_py,4,abril
es_py,5,mayo
es_py,6,junio
es_py,7,julio
es_py,8,agosto
es_py,9,septiembre
es_py,10,octubre
es_py,11,noviembre
es_py,12,diciembre
es_sv,1,enero
es_sv,2,febrero
es_sv,3,marzo
es_sv,4,abril
es_sv,5,mayo
es_sv,6,junio
es_sv,7,julio
es_sv,8,agosto
es_sv,9,septiembre
es_sv,10,octubre
es_sv,11,noviembre
es_sv,12,diciembre
es_us,1,enero
es_us,2,febrero
es_us,3,marzo
es_us,4,abril
es_us,5,mayo
es_us,6,junio
es_us,7,julio
es_us,8,agosto
es_us,9,septiembre
es_us,10,octubre
es_us,11,noviembre
es_us,12,diciembre
es_uy,1,Enero
es_uy,2,Febrero
es_uy,3,Marzo
es_uy,4,Abril
es_uy,5,Mayo
es_uy,6,Junio
es_uy,7,Julio
es_uy,8,Agosto
es_uy,9,Setiembre
es_uy,10,Octubre
es_uy,11,Noviembre
es_uy,12,Diciembre
es_ve,1,enero
es_ve,2,febrero
es_ve,3,marzo
es_ve,4,abril
es_ve,5,mayo
es_ve,6,junio
es_ve,7,julio
es_ve,8,agosto
es_ve,9,septiembre
es_ve,10,octubre
es_ve,11,noviembre
es_ve,12,diciembre
estonian,1,jaanuar
estonian,2,veebruar
estonian,3,märts
estonian,4,aprill
estonian,5,mai
estonian,6,juuni
estonian,7,juuli
estonian,8,august
estonian,9,september
estonian,10,oktoober
estonian,11,november
estonian,12,detsember
et,1,jaanuar
et,2,veebruar
et,3,märts
et,4,aprill
et,5,mai
et,6,juuni
et,7,juuli
et,8,august
et,9,september
et,10,oktoober
et,11,november
et,12,detsember
et_ee,1,jaanuar
et_ee,2,veebruar
et_ee,3,märts
et_ee,4,aprill
et_ee,5,mai
et_ee,6,juuni
et_ee,7,juuli
et_ee,8,august
et_ee,9,september
et_ee,10,oktoober
et_ee,11,november
et_ee,12,detsember
eu,1,urtarrila
eu,2,otsaila
eu,3,martxoa
eu,4,apirila
eu,5,maiatza
eu,6,ekaina
eu,7,uztaila
eu,8,abuztua
eu,9,iraila
eu,10,urria
eu,11,azaroa
eu,12,abendua
eu_es,1,urtarrila
eu_es,2,otsaila
eu_es,3,martxoa
eu_es,4,apirila
eu_es,5,maiatza
eu_es,6,ekaina
eu_es,7,uztaila
eu_es,8,abuztua
eu_es,9,iraila
eu_es,10,urria
eu_es,11,azaroa
eu_es,12,abendua
eu_fr,1,urtarrila
eu_fr,2,otsaila
eu_fr,3,martxoa
eu_fr,4,apirila
eu_fr,5,maiatza
eu_fr,6,ekaina
eu_fr,7,uztaila
eu_fr,8,abuztua
eu_fr,9,iraila
eu_fr,10,urria
eu_fr,11,azaroa
eu_fr,12,abendua
fa,1,ŽÇäæíå
fa,2,ÝæÑíå
fa,3,ãÇÑÓ
fa,4,ÂæÑíá
fa,5,ãå
fa,6,ŽæÆä
fa,7,ŽæÆíå
fa,8,ÇæÊ
fa,9,ÓÊÇãÈÑ
fa,10,ÇõßÊÈÑ
fa,11,äæÇãÈÑ
fa,12,ÏÓÇãÈÑ
fa_ir,1,ŽÇäæíå
fa_ir,2,ÝæÑíå
fa_ir,3,ãÇÑÓ
fa_ir,4,ÂæÑíá
fa_ir,5,ãå
fa_ir,6,ŽæÆä
fa_ir,7,ŽæÆíå
fa_ir,8,ÇæÊ
fa_ir,9,ÓÊÇãÈÑ
fa_ir,10,ÇõßÊÈÑ
fa_ir,11,äæÇãÈÑ
fa_ir,12,ÏÓÇãÈÑ
ff_sn,1,samwiee
ff_sn,2,feeburyee
ff_sn,3,marsa
ff_sn,4,awril
ff_sn,5,me
ff_sn,6,suye?
ff_sn,7,sulyee
ff_sn,8,ut
ff_sn,9,satambara
ff_sn,10,oktoobar
ff_sn,11,nowamburu
ff_sn,12,deesamburu
fi,1,tammikuu
fi,2,helmikuu
fi,3,maaliskuu
fi,4,huhtikuu
fi,5,toukokuu
fi,6,kesäkuu
fi,7,heinäkuu
fi,8,elokuu
fi,9,syyskuu
fi,10,lokakuu
fi,11,marraskuu
fi,12,joulukuu
fi_fi,1,tammikuu
fi_fi,2,helmikuu
fi_fi,3,maaliskuu
fi_fi,4,huhtikuu
fi_fi,5,toukokuu
fi_fi,6,kesäkuu
fi_fi,7,heinäkuu
fi_fi,8,elokuu
fi_fi,9,syyskuu
fi_fi,10,lokakuu
fi_fi,11,marraskuu
fi_fi,12,joulukuu
fil_ph,1,Enero
fil_ph,2,Pebrero
fil_ph,3,Marso
fil_ph,4,Abril
fil_ph,5,Mayo
fil_ph,6,Hunyo
fil_ph,7,Hulyo
fil_ph,8,Agosto
fil_ph,9,Setyembre
fil_ph,10,Oktubre
fil_ph,11,Nobyembre
fil_ph,12,Disyembre
finnish,1,tammikuu
finnish,2,helmikuu
finnish,3,maaliskuu
finnish,4,huhtikuu
finnish,5,toukokuu
finnish,6,kesäkuu
finnish,7,heinäkuu
finnish,8,elokuu
finnish,9,syyskuu
finnish,10,lokakuu
finnish,11,marraskuu
finnish,12,joulukuu
fo,1,januar
fo,2,februar
fo,3,mars
fo,4,apríl
fo,5,mai
fo,6,juni
fo,7,juli
fo,8,august
fo,9,september
fo,10,oktober
fo,11,november
fo,12,desember
fo_fo,1,januar
fo_fo,2,februar
fo_fo,3,mars
fo_fo,4,apríl
fo_fo,5,mai
fo_fo,6,juni
fo_fo,7,juli
fo_fo,8,august
fo_fo,9,september
fo_fo,10,oktober
fo_fo,11,november
fo_fo,12,desember
fr,1,janvier
fr,2,février
fr,3,mars
fr,4,avril
fr,5,mai
fr,6,juin
fr,7,juillet
fr,8,août
fr,9,septembre
fr,10,octobre
fr,11,novembre
fr,12,décembre
fr_be,1,janvier
fr_be,2,février
fr_be,3,mars
fr_be,4,avril
fr_be,5,mai
fr_be,6,juin
fr_be,7,juillet
fr_be,8,août
fr_be,9,septembre
fr_be,10,octobre
fr_be,11,novembre
fr_be,12,décembre
fr_ca,1,janvier
fr_ca,2,février
fr_ca,3,mars
fr_ca,4,avril
fr_ca,5,mai
fr_ca,6,juin
fr_ca,7,juillet
fr_ca,8,août
fr_ca,9,septembre
fr_ca,10,octobre
fr_ca,11,novembre
fr_ca,12,décembre
fr_ch,1,janvier
fr_ch,2,février
fr_ch,3,mars
fr_ch,4,avril
fr_ch,5,mai
fr_ch,6,juin
fr_ch,7,juillet
fr_ch,8,août
fr_ch,9,septembre
fr_ch,10,octobre
fr_ch,11,novembre
fr_ch,12,décembre
fr_fr,1,janvier
fr_fr,2,février
fr_fr,3,mars
fr_fr,4,avril
fr_fr,5,mai
fr_fr,6,juin
fr_fr,7,juillet
fr_fr,8,août
fr_fr,9,septembre
fr_fr,10,octobre
fr_fr,11,novembre
fr_fr,12,décembre
fr_lu,1,janvier
fr_lu,2,février
fr_lu,3,mars
fr_lu,4,avril
fr_lu,5,mai
fr_lu,6,juin
fr_lu,7,juillet
fr_lu,8,août
fr_lu,9,septembre
fr_lu,10,octobre
fr_lu,11,novembre
fr_lu,12,décembre
fre_fr,1,January
fre_fr,2,February
fre_fr,3,March
fre_fr,4,April
fre_fr,5,May
fre_fr,6,June
fre_fr,7,July
fre_fr,8,August
fre_fr,9,September
fre_fr,10,October
fre_fr,11,November
fre_fr,12,December
french,1,janvier
french,2,février
french,3,mars
french,4,avril
french,5,mai
french,6,juin
french,7,juillet
french,8,août
french,9,septembre
french,10,octobre
french,11,novembre
french,12,décembre
french_france,1,janvier
french_france,2,février
french_france,3,mars
french_france,4,avril
french_france,5,mai
french_france,6,juin
french_france,7,juillet
french_france,8,août
french_france,9,septembre
french_france,10,octobre
french_france,11,novembre
french_france,12,décembre
fur_it,1,ZenÃ¢r
fur_it,2,FevrÃ¢r
fur_it,3,MarÃ§
fur_it,4,AvrÃ®l
fur_it,5,Mai
fur_it,6,Jugn
fur_it,7,Lui
fur_it,8,Avost
fur_it,9,Setembar
fur_it,10,Otubar
fur_it,11,Novembar
fur_it,12,Dicembar
fy_de,1,Jannewaris
fy_de,2,Febrewaris
fy_de,3,Maart
fy_de,4,April
fy_de,5,Maaie
fy_de,6,Juny
fy_de,7,July
fy_de,8,Augustus
fy_de,9,Septimber
fy_de,10,Oktober
fy_de,11,Novimber
fy_de,12,Desimber
fy_nl,1,Jannewaris
fy_nl,2,Febrewaris
fy_nl,3,Maart
fy_nl,4,April
fy_nl,5,Maaie
fy_nl,6,Juny
fy_nl,7,July
fy_nl,8,Augustus
fy_nl,9,Septimber
fy_nl,10,Oktober
fy_nl,11,Novimber
fy_nl,12,Desimber
ga,1,Eanáir
ga,2,Feabhra
ga,3,Márta
ga,4,Aibreán
ga,5,Bealtaine
ga,6,Meitheamh
ga,7,Iúil
ga,8,Lúnasa
ga,9,Meán Fómhair
ga,10,Deireadh Fómhair
ga,11,Samhain
ga,12,Nollaig
ga_ie,1,Eanáir
ga_ie,2,Feabhra
ga_ie,3,Márta
ga_ie,4,Aibreán
ga_ie,5,Bealtaine
ga_ie,6,Meitheamh
ga_ie,7,Iúil
ga_ie,8,Lúnasa
ga_ie,9,Meán Fómhair
ga_ie,10,Deireadh Fómhair
ga_ie,11,Samhain
ga_ie,12,Nollaig
galician,1,Xaneiro
galician,2,Febreiro
galician,3,Marzo
galician,4,Abril
galician,5,Maio
galician,6,Xuño
galician,7,Xullo
galician,8,Agosto
galician,9,Setembro
galician,10,Outubro
galician,11,Novembro
galician,12,Decembro
gd,1,Am Faoilleach
gd,2,An Gearran
gd,3,Am Màrt
gd,4,An Giblean
gd,5,An Cèitean
gd,6,An t-Ògmhios
gd,7,An t-Iuchar
gd,8,An Lùnastal
gd,9,An t-Sultain
gd,10,An Dàmhair
gd,11,An t-Samhain
gd,12,An Dùbhlachd
gd_gb,1,Am Faoilleach
gd_gb,2,An Gearran
gd_gb,3,Am Màrt
gd_gb,4,An Giblean
gd_gb,5,An Cèitean
gd_gb,6,An t-Ògmhios
gd_gb,7,An t-Iuchar
gd_gb,8,An Lùnastal
gd_gb,9,An t-Sultain
gd_gb,10,An Dàmhair
gd_gb,11,An t-Samhain
gd_gb,12,An Dùbhlachd
ger_de,1,January
ger_de,2,February
ger_de,3,March
ger_de,4,April
ger_de,5,May
ger_de,6,June
ger_de,7,July
ger_de,8,August
ger_de,9,September
ger_de,10,October
ger_de,11,November
ger_de,12,December
german,1,Januar
german,2,Februar
german,3,März
german,4,April
german,5,Mai
german,6,Juni
german,7,Juli
german,8,August
german,9,September
german,10,Oktober
german,11,November
german,12,Dezember
german_germany,1,Januar
german_germany,2,Februar
german_germany,3,März
german_germany,4,April
german_germany,5,Mai
german_germany,6,Juni
german_germany,7,Juli
german_germany,8,August
german_germany,9,September
german_germany,10,Oktober
german_germany,11,November
german_germany,12,Dezember
gez_er,1,January
gez_er,2,February
gez_er,3,March
gez_er,4,April
gez_er,5,May
gez_er,6,June
gez_er,7,July
gez_er,8,August
gez_er,9,September
gez_er,10,October
gez_er,11,November
gez_er,12,December
gez_et,1,January
gez_et,2,February
gez_et,3,March
gez_et,4,April
gez_et,5,May
gez_et,6,June
gez_et,7,July
gez_et,8,August
gez_et,9,September
gez_et,10,October
gez_et,11,November
gez_et,12,December
gl,1,Xaneiro
gl,2,Febreiro
gl,3,Marzo
gl,4,Abril
gl,5,Maio
gl,6,Xuño
gl,7,Xullo
gl,8,Agosto
gl,9,Setembro
gl,10,Outubro
gl,11,Novembro
gl,12,Decembro
gl_es,1,Xaneiro
gl_es,2,Febreiro
gl_es,3,Marzo
gl_es,4,Abril
gl_es,5,Maio
gl_es,6,Xuño
gl_es,7,Xullo
gl_es,8,Agosto
gl_es,9,Setembro
gl_es,10,Outubro
gl_es,11,Novembro
gl_es,12,Decembro
greek,1,ÉáíïõÜñéïò
greek,2,ÖåâñïõÜñéïò
greek,3,ÌÜñôéïò
greek,4,Áðñßëéïò
greek,5,ÌÜéïò
greek,6,Éïýíéïò
greek,7,Éïýëéïò
greek,8,Áýãïõóôïò
greek,9,ÓåðôÝìâñéïò
greek,10,Ïêôþâñéïò
greek,11,ÍïÝìâñéïò
greek,12,ÄåêÝìâñéïò
gu_in,1,àªœàª¾àª¨à«àª¯à«àª†àª°à«€
gu_in,2,àª«à«‡àª¬à«àª°à«àª†àª°à«€
gu_in,3,àª®àª¾àª°à«àªš
gu_in,4,àªàªªà«àª°àª¿àª²
gu_in,5,àª®à«‡
gu_in,6,àªœà«‚àª¨
gu_in,7,àªœà«àª²àª¾àªˆ
gu_in,8,àª‘àª—àª¸à«àªŸ
gu_in,9,àª¸àªªà«àªŸà«‡àª®à«àª¬àª°
gu_in,10,àª‘àª•à«àªŸà«‹àª¬àª°
gu_in,11,àª¨àªµà«‡àª®à«àª¬àª°
gu_in,12,àª¡àª¿àª¸à«‡àª®à«àª¬àª°
gv,1,Jerrey-geuree
gv,2,Toshiaght-arree
gv,3,Mayrnt
gv,4,Averil
gv,5,Boaldyn
gv,6,Mean-souree
gv,7,Jerrey-souree
gv,8,Luanistyn
gv,9,Mean-fouyir
gv,10,Jerrey-fouyir
gv,11,Mee Houney
gv,12,Mee ny Nollick
gv_gb,1,Jerrey-geuree
gv_gb,2,Toshiaght-arree
gv_gb,3,Mayrnt
gv_gb,4,Averil
gv_gb,5,Boaldyn
gv_gb,6,Mean-souree
gv_gb,7,Jerrey-souree
gv_gb,8,Luanistyn
gv_gb,9,Mean-fouyir
gv_gb,10,Jerrey-fouyir
gv_gb,11,Mee Houney
gv_gb,12,Mee ny Nollick
ha_ng,1,Janairu
ha_ng,2,Faburairu
ha_ng,3,Maris
ha_ng,4,Afirilu
ha_ng,5,Mayu
ha_ng,6,Yuni
ha_ng,7,Yuli
ha_ng,8,Agusta
ha_ng,9,Satumba
ha_ng,10,Oktoba
ha_ng,11,Nuwamba
ha_ng,12,Disamba
hak_tw,1,January
hak_tw,2,February
hak_tw,3,March
hak_tw,4,April
hak_tw,5,May
hak_tw,6,June
hak_tw,7,July
hak_tw,8,August
hak_tw,9,September
hak_tw,10,October
hak_tw,11,November
hak_tw,12,December
he,1,éðåàø
he,2,ôáøåàø
he,3,îøõ
he,4,àôøéì
he,5,îàé
he,6,éåðé
he,7,éåìé
he,8,àåâåñè
he,9,ñôèîáø
he,10,àå÷èåáø
he,11,ðåáîáø
he,12,ãöîáø
he_il,1,éðåàø
he_il,2,ôáøåàø
he_il,3,îøõ
he_il,4,àôøéì
he_il,5,îàé
he_il,6,éåðé
he_il,7,éåìé
he_il,8,àåâåñè
he_il,9,ñôèîáø
he_il,10,àå÷èåáø
he_il,11,ðåáîáø
he_il,12,ãöîáø
hebrew,1,éðåàø
hebrew,2,ôáøåàø
hebrew,3,îøõ
hebrew,4,àôøéì
hebrew,5,îàé
hebrew,6,éåðé
hebrew,7,éåìé
hebrew,8,àåâåñè
hebrew,9,ñôèîáø
hebrew,10,àå÷èåáø
hebrew,11,ðåáîáø
hebrew,12,ãöîáø
hi,1,à¤œà¤¨à¤µà¤°à¥€
hi,2,à¤«à¤°à¤µà¤°à¥€
hi,3,à¤®à¤¾à¤°à¥à¤š
hi,4,à¤…à¤ªà¥à¤°à¥ˆà¤²
hi,5,à¤®à¤ˆ
hi,6,à¤œà¥‚à¤¨
hi,7,à¤œà¥à¤²à¤¾à¤ˆ
hi,8,à¤…à¤—à¤¸à¥à¤¤
hi,9,à¤¸à¤¿à¤¤à¤®à¥à¤¬à¤°
hi,10,à¤…à¤•à¥à¤¤à¥‚à¤¬à¤°
hi,11,à¤¨à¤µà¤®à¥à¤¬à¤°
hi,12,à¤¦à¤¿à¤¸à¤®à¥à¤¬à¤°
hi_in,1,à¤œà¤¨à¤µà¤°à¥€
hi_in,2,à¤«à¤°à¤µà¤°à¥€
hi_in,3,à¤®à¤¾à¤°à¥à¤š
hi_in,4,à¤…à¤ªà¥à¤°à¥ˆà¤²
hi_in,5,à¤®à¤ˆ
hi_in,6,à¤œà¥‚à¤¨
hi_in,7,à¤œà¥à¤²à¤¾à¤ˆ
hi_in,8,à¤…à¤—à¤¸à¥à¤¤
hi_in,9,à¤¸à¤¿à¤¤à¤®à¥à¤¬à¤°
hi_in,10,à¤…à¤•à¥à¤¤à¥‚à¤¬à¤°
hi_in,11,à¤¨à¤µà¤®à¥à¤¬à¤°
hi_in,12,à¤¦à¤¿à¤¸à¤®à¥à¤¬à¤°
hif_fj,1,January
hif_fj,2,February
hif_fj,3,March
hif_fj,4,April
hif_fj,5,May
hif_fj,6,June
hif_fj,7,July
hif_fj,8,August
hif_fj,9,September
hif_fj,10,October
hif_fj,11,November
hif_fj,12,December
hne,1,January
hne,2,February
hne,3,March
hne,4,April
hne,5,May
hne,6,June
hne,7,July
hne,8,August
hne,9,September
hne,10,October
hne,11,November
hne,12,December
hne_in,1,January
hne_in,2,February
hne_in,3,March
hne_in,4,April
hne_in,5,May
hne_in,6,June
hne_in,7,July
hne_in,8,August
hne_in,9,September
hne_in,10,October
hne_in,11,November
hne_in,12,December
hr,1,sijeèanj
hr,2,veljaèa
hr,3,ožujak
hr,4,travanj
hr,5,svibanj
hr,6,lipanj
hr,7,srpanj
hr,8,kolovoz
hr,9,rujan
hr,10,listopad
hr,11,studeni
hr,12,prosinac
hr_hr,1,sijeèanj
hr_hr,2,veljaèa
hr_hr,3,ožujak
hr_hr,4,travanj
hr_hr,5,svibanj
hr_hr,6,lipanj
hr_hr,7,srpanj
hr_hr,8,kolovoz
hr_hr,9,rujan
hr_hr,10,listopad
hr_hr,11,studeni
hr_hr,12,prosinac
hsb_de,1,januar
hsb_de,2,februar
hsb_de,3,merc
hsb_de,4,apryl
hsb_de,5,meja
hsb_de,6,junij
hsb_de,7,julij
hsb_de,8,awgust
hsb_de,9,september
hsb_de,10,oktober
hsb_de,11,nowember
hsb_de,12,december
ht_ht,1,January
ht_ht,2,February
ht_ht,3,March
ht_ht,4,April
ht_ht,5,May
ht_ht,6,June
ht_ht,7,July
ht_ht,8,August
ht_ht,9,September
ht_ht,10,October
ht_ht,11,November
ht_ht,12,December
hu,1,január
hu,2,február
hu,3,március
hu,4,április
hu,5,május
hu,6,június
hu,7,július
hu,8,augusztus
hu,9,szeptember
hu,10,október
hu,11,november
hu,12,december
hu_hu,1,január
hu_hu,2,február
hu_hu,3,március
hu_hu,4,április
hu_hu,5,május
hu_hu,6,június
hu_hu,7,július
hu_hu,8,augusztus
hu_hu,9,szeptember
hu_hu,10,október
hu_hu,11,november
hu_hu,12,december
hungarian,1,január
hungarian,2,február
hungarian,3,március
hungarian,4,április
hungarian,5,május
hungarian,6,június
hungarian,7,július
hungarian,8,augusztus
hungarian,9,szeptember
hungarian,10,október
hungarian,11,november
hungarian,12,december
hy_am,1,Õ€Õ¸Ö‚Õ¶Õ¾Õ¡Ö€
hy_am,2,Õ“Õ¥Õ¿Ö€Õ¾Õ¡Ö€
hy_am,3,Õ„Õ¡Ö€Õ¿
hy_am,4,Ô±ÕºÖ€Õ«Õ¬
hy_am,5,Õ„Õ¡ÕµÕ«Õ½
hy_am,6,Õ€Õ¸Ö‚Õ¶Õ«Õ½
hy_am,7,Õ€Õ¸Ö‚Õ¬Õ«Õ½
hy_am,8,Õ•Õ£Õ¸Õ½Õ¿Õ¸Õ½
hy_am,9,ÕÕ¥ÕºÕ¿Õ¥Õ´Õ¢Õ¥Ö€
hy_am,10,Õ€Õ¸Õ¯Õ¿Õ¥Õ´Õ¢Õ¥Ö€
hy_am,11,Õ†Õ¸ÕµÕ¥Õ´Õ¢Õ¥Ö€
hy_am,12,Ô´Õ¥Õ¯Õ¿Õ¥Õ´Õ¢Õ¥Ö€
ia,1,januario
ia,2,februario
ia,3,martio
ia,4,april
ia,5,maio
ia,6,junio
ia,7,julio
ia,8,augusto
ia,9,septembre
ia,10,octobre
ia,11,novembre
ia,12,decembre
ia_fr,1,januario
ia_fr,2,februario
ia_fr,3,martio
ia_fr,4,april
ia_fr,5,maio
ia_fr,6,junio
ia_fr,7,julio
ia_fr,8,augusto
ia_fr,9,septembre
ia_fr,10,octobre
ia_fr,11,novembre
ia_fr,12,decembre
icelandic,1,janúar
icelandic,2,febrúar
icelandic,3,mars
icelandic,4,apríl
icelandic,5,maí
icelandic,6,júní
icelandic,7,júlí
icelandic,8,ágúst
icelandic,9,september
icelandic,10,október
icelandic,11,nóvember
icelandic,12,desember
id,1,Januari
id,2,Februari
id,3,Maret
id,4,April
id,5,Mei
id,6,Juni
id,7,Juli
id,8,Agustus
id,9,September
id,10,Oktober
id,11,November
id,12,Desember
id_id,1,Januari
id_id,2,Februari
id_id,3,Maret
id_id,4,April
id_id,5,Mei
id_id,6,Juni
id_id,7,Juli
id_id,8,Agustus
id_id,9,September
id_id,10,Oktober
id_id,11,November
id_id,12,Desember
ig_ng,1,Jen?war?
ig_ng,2,Febr?war?
ig_ng,3,Maach?
ig_ng,4,Epreel
ig_ng,5,Mee
ig_ng,6,Juun
ig_ng,7,Jula?
ig_ng,8,?g??st
ig_ng,9,Septemba
ig_ng,10,?ktoba
ig_ng,11,Novemba
ig_ng,12,Disemba
ik_ca,1,January
ik_ca,2,February
ik_ca,3,March
ik_ca,4,April
ik_ca,5,May
ik_ca,6,June
ik_ca,7,July
ik_ca,8,August
ik_ca,9,September
ik_ca,10,October
ik_ca,11,November
ik_ca,12,December
in,1,January
in,2,February
in,3,March
in,4,April
in,5,May
in,6,June
in,7,July
in,8,August
in,9,September
in,10,October
in,11,November
in,12,December
in_id,1,January
in_id,2,February
in_id,3,March
in_id,4,April
in_id,5,May
in_id,6,June
in_id,7,July
in_id,8,August
in_id,9,September
in_id,10,October
in_id,11,November
in_id,12,December
is,1,janúar
is,2,febrúar
is,3,mars
is,4,apríl
is,5,maí
is,6,júní
is,7,júlí
is,8,ágúst
is,9,september
is,10,október
is,11,nóvember
is,12,desember
is_is,1,janúar
is_is,2,febrúar
is_is,3,mars
is_is,4,apríl
is_is,5,maí
is_is,6,júní
is_is,7,júlí
is_is,8,ágúst
is_is,9,september
is_is,10,október
is_is,11,nóvember
is_is,12,desember
it,1,gennaio
it,2,febbraio
it,3,marzo
it,4,aprile
it,5,maggio
it,6,giugno
it,7,luglio
it,8,agosto
it,9,settembre
it,10,ottobre
it,11,novembre
it,12,dicembre
it_ch,1,gennaio
it_ch,2,febbraio
it_ch,3,marzo
it_ch,4,aprile
it_ch,5,maggio
it_ch,6,giugno
it_ch,7,luglio
it_ch,8,agosto
it_ch,9,settembre
it_ch,10,ottobre
it_ch,11,novembre
it_ch,12,dicembre
it_it,1,gennaio
it_it,2,febbraio
it_it,3,marzo
it_it,4,aprile
it_it,5,maggio
it_it,6,giugno
it_it,7,luglio
it_it,8,agosto
it_it,9,settembre
it_it,10,ottobre
it_it,11,novembre
it_it,12,dicembre
italian,1,gennaio
italian,2,febbraio
italian,3,marzo
italian,4,aprile
italian,5,maggio
italian,6,giugno
italian,7,luglio
italian,8,agosto
italian,9,settembre
italian,10,ottobre
italian,11,novembre
italian,12,dicembre
iu,1,Jaannuari
iu,2,Viivvuari
iu,3,Maatsi
iu,4,Iipuri
iu,5,Mai
iu,6,Juuni
iu,7,Julai
iu,8,Aaggiisi
iu,9,Sitipiri
iu,10,Utupiri
iu,11,Nuvipiri
iu,12,Tisipiri
iu_ca,1,Jaannuari
iu_ca,2,Viivvuari
iu_ca,3,Maatsi
iu_ca,4,Iipuri
iu_ca,5,Mai
iu_ca,6,Juuni
iu_ca,7,Julai
iu_ca,8,Aaggiisi
iu_ca,9,Sitipiri
iu_ca,10,Utupiri
iu_ca,11,Nuvipiri
iu_ca,12,Tisipiri
iw,1,January
iw,2,February
iw,3,March
iw,4,April
iw,5,May
iw,6,June
iw,7,July
iw,8,August
iw,9,September
iw,10,October
iw,11,November
iw,12,December
iw_il,1,January
iw_il,2,February
iw_il,3,March
iw_il,4,April
iw_il,5,May
iw_il,6,June
iw_il,7,July
iw_il,8,August
iw_il,9,September
iw_il,10,October
iw_il,11,November
iw_il,12,December
ja,1,1ŒŽ
ja,2,2ŒŽ
ja,3,3ŒŽ
ja,4,4ŒŽ
ja,5,5ŒŽ
ja,6,6ŒŽ
ja,7,7ŒŽ
ja,8,8ŒŽ
ja,9,9ŒŽ
ja,10,10ŒŽ
ja,11,11ŒŽ
ja,12,12ŒŽ
ja_jp,1,1ŒŽ
ja_jp,2,2ŒŽ
ja_jp,3,3ŒŽ
ja_jp,4,4ŒŽ
ja_jp,5,5ŒŽ
ja_jp,6,6ŒŽ
ja_jp,7,7ŒŽ
ja_jp,8,8ŒŽ
ja_jp,9,9ŒŽ
ja_jp,10,10ŒŽ
ja_jp,11,11ŒŽ
ja_jp,12,12ŒŽ
japanese,1,1ŒŽ
japanese,2,2ŒŽ
japanese,3,3ŒŽ
japanese,4,4ŒŽ
japanese,5,5ŒŽ
japanese,6,6ŒŽ
japanese,7,7ŒŽ
japanese,8,8ŒŽ
japanese,9,9ŒŽ
japanese,10,10ŒŽ
japanese,11,11ŒŽ
japanese,12,12ŒŽ
jp_jp,1,January
jp_jp,2,February
jp_jp,3,March
jp_jp,4,April
jp_jp,5,May
jp_jp,6,June
jp_jp,7,July
jp_jp,8,August
jp_jp,9,September
jp_jp,10,October
jp_jp,11,November
jp_jp,12,December
ka,1,áƒ˜áƒáƒœáƒ•áƒáƒ áƒ˜
ka,2,áƒ—áƒ”áƒ‘áƒ”áƒ áƒ•áƒáƒšáƒ˜
ka,3,áƒ›áƒáƒ áƒ¢áƒ˜
ka,4,áƒáƒžáƒ áƒ˜áƒšáƒ˜
ka,5,áƒ›áƒáƒ˜áƒ¡áƒ˜
ka,6,áƒ˜áƒ•áƒœáƒ˜áƒ¡áƒ˜
ka,7,áƒ˜áƒ•áƒšáƒ˜áƒ¡áƒ˜
ka,8,áƒáƒ’áƒ•áƒ˜áƒ¡áƒ¢áƒ
ka,9,áƒ¡áƒ”áƒ¥áƒ¢áƒ”áƒ›áƒ‘áƒ”áƒ áƒ˜
ka,10,áƒáƒ¥áƒ¢áƒáƒ›áƒ‘áƒ”áƒ áƒ˜
ka,11,áƒœáƒáƒ”áƒ›áƒ‘áƒ”áƒ áƒ˜
ka,12,áƒ“áƒ”áƒ™áƒ”áƒ›áƒ‘áƒ”áƒ áƒ˜
ka_ge,1,áƒ˜áƒáƒœáƒ•áƒáƒ áƒ˜
ka_ge,2,áƒ—áƒ”áƒ‘áƒ”áƒ áƒ•áƒáƒšáƒ˜
ka_ge,3,áƒ›áƒáƒ áƒ¢áƒ˜
ka_ge,4,áƒáƒžáƒ áƒ˜áƒšáƒ˜
ka_ge,5,áƒ›áƒáƒ˜áƒ¡áƒ˜
ka_ge,6,áƒ˜áƒ•áƒœáƒ˜áƒ¡áƒ˜
ka_ge,7,áƒ˜áƒ•áƒšáƒ˜áƒ¡áƒ˜
ka_ge,8,áƒáƒ’áƒ•áƒ˜áƒ¡áƒ¢áƒ
ka_ge,9,áƒ¡áƒ”áƒ¥áƒ¢áƒ”áƒ›áƒ‘áƒ”áƒ áƒ˜
ka_ge,10,áƒáƒ¥áƒ¢áƒáƒ›áƒ‘áƒ”áƒ áƒ˜
ka_ge,11,áƒœáƒáƒ”áƒ›áƒ‘áƒ”áƒ áƒ˜
ka_ge,12,áƒ“áƒ”áƒ™áƒ”áƒ›áƒ‘áƒ”áƒ áƒ˜
kab_dz,1,Yennayer
kab_dz,2,Fuá¹›ar
kab_dz,3,MeÉ£res
kab_dz,4,Yebrir
kab_dz,5,Mayyu
kab_dz,6,Yunyu
kab_dz,7,Yulyu
kab_dz,8,Æ”uct
kab_dz,9,Ctembeá¹›
kab_dz,10,Tubeá¹›
kab_dz,11,Wambeá¹›
kab_dz,12,DuÇ§embeá¹›
kk_kz,1,ÒšÐ°Ò£Ñ‚Ð°Ñ€
kk_kz,2,ÐÒ›Ð¿Ð°Ð½
kk_kz,3,ÐÐ°ÑƒÑ€Ñ‹Ð·
kk_kz,4,Ð¡Ó™ÑƒÑ–Ñ€
kk_kz,5,ÐœÐ°Ð¼Ñ‹Ñ€
kk_kz,6,ÐœÐ°ÑƒÑÑ‹Ð¼
kk_kz,7,Ð¨Ñ–Ð»Ð´Ðµ
kk_kz,8,Ð¢Ð°Ð¼Ñ‹Ð·
kk_kz,9,ÒšÑ‹Ñ€ÐºÒ¯Ð¹ÐµÐº
kk_kz,10,ÒšÐ°Ð·Ð°Ð½
kk_kz,11,ÒšÐ°Ñ€Ð°ÑˆÐ°
kk_kz,12,Ð–ÐµÐ»Ñ‚Ð¾Ò›ÑÐ°Ð½
kl,1,januaari
kl,2,februaari
kl,3,marsi
kl,4,apriili
kl,5,maaji
kl,6,juuni
kl,7,juuli
kl,8,aggusti
kl,9,septembari
kl,10,oktobari
kl,11,novembari
kl,12,decembari
kl_gl,1,januaari
kl_gl,2,februaari
kl_gl,3,marsi
kl_gl,4,apriili
kl_gl,5,maaji
kl_gl,6,juuni
kl_gl,7,juuli
kl_gl,8,aggusti
kl_gl,9,septembari
kl_gl,10,oktobari
kl_gl,11,novembari
kl_gl,12,decembari
km_kh,1,áž˜áž€ážšáž¶
km_kh,2,áž€áž»áž˜áŸ’áž—áŸˆ
km_kh,3,áž˜áž·áž“áž¶
km_kh,4,áž˜áŸážŸáž¶
km_kh,5,áž§ážŸáž—áž¶
km_kh,6,áž˜áž·ážáž»áž“áž¶
km_kh,7,áž€áž€áŸ’áž€ážŠáž¶
km_kh,8,ážŸáž¸áž áž¶
km_kh,9,áž€áž‰áŸ’áž‰áž¶
km_kh,10,ážáž»áž›áž¶
km_kh,11,ážœáž·áž…áŸ’áž†áž·áž€áž¶
km_kh,12,áž’áŸ’áž“áž¼
kn,1,à²œà²¨à²µà²°à²¿
kn,2,à²«à³†à²¬à³à²°à²µà²°à²¿
kn,3,à²®à²¾à²°à³à²šà³
kn,4,à²à²ªà³à²°à³€à²²à³
kn,5,à²®à³‡
kn,6,à²œà³‚à²¨à³
kn,7,à²œà³à²²à³ˆ
kn,8,à²†à²—à²¸à³à²Ÿà³
kn,9,à²¸à³†à²ªà³à²Ÿà²‚à²¬à²°à³
kn,10,à²…à²•à³à²Ÿà³‹à²¬à²°à³
kn,11,à²¨à²µà³†à²‚à²¬à²°à³
kn,12,à²¡à²¿à²¸à³†à²‚à²¬à²°à³
kn_in,1,à²œà²¨à²µà²°à²¿
kn_in,2,à²«à³†à²¬à³à²°à²µà²°à²¿
kn_in,3,à²®à²¾à²°à³à²šà³
kn_in,4,à²à²ªà³à²°à³€à²²à³
kn_in,5,à²®à³‡
kn_in,6,à²œà³‚à²¨à³
kn_in,7,à²œà³à²²à³ˆ
kn_in,8,à²†à²—à²¸à³à²Ÿà³
kn_in,9,à²¸à³†à²ªà³à²Ÿà²‚à²¬à²°à³
kn_in,10,à²…à²•à³à²Ÿà³‹à²¬à²°à³
kn_in,11,à²¨à²µà³†à²‚à²¬à²°à³
kn_in,12,à²¡à²¿à²¸à³†à²‚à²¬à²°à³
ko,1,1¿ù
ko,2,2¿ù
ko,3,3¿ù
ko,4,4¿ù
ko,5,5¿ù
ko,6,6¿ù
ko,7,7¿ù
ko,8,8¿ù
ko,9,9¿ù
ko,10,10¿ù
ko,11,11¿ù
ko,12,12¿ù
ko_kr,1,1¿ù
ko_kr,2,2¿ù
ko_kr,3,3¿ù
ko_kr,4,4¿ù
ko_kr,5,5¿ù
ko_kr,6,6¿ù
ko_kr,7,7¿ù
ko_kr,8,8¿ù
ko_kr,9,9¿ù
ko_kr,10,10¿ù
ko_kr,11,11¿ù
ko_kr,12,12¿ù
kok_in,1,à¤œà¤¾à¤¨à¥‡à¤µà¤¾à¤°à¥€
kok_in,2,à¤«à¥‡à¤¬à¥à¤°à¥à¤µà¤¾à¤°à¥€
kok_in,3,à¤®à¤¾à¤°à¥à¤š
kok_in,4,à¤à¤ªà¥à¤°à¤¿à¤²
kok_in,5,à¤®à¥‡
kok_in,6,à¤œà¥‚à¤¨
kok_in,7,à¤œà¥à¤²à¥ˆ
kok_in,8,à¤‘à¤—à¤¸à¥à¤Ÿ
kok_in,9,à¤¸à¤ªà¥à¤Ÿà¥‡à¤‚à¤¬à¤°
kok_in,10,à¤‘à¤•à¥à¤Ÿà¥‹à¤¬à¤°
kok_in,11,à¤¨à¥‹à¤µà¥‡à¤®à¥à¤¬à¤°
kok_in,12,à¤¡à¤¿à¤¸à¥‡à¤‚à¤¬à¤°
korean,1,1¿ù
korean,2,2¿ù
korean,3,3¿ù
korean,4,4¿ù
korean,5,5¿ù
korean,6,6¿ù
korean,7,7¿ù
korean,8,8¿ù
korean,9,9¿ù
korean,10,10¿ù
korean,11,11¿ù
korean,12,12¿ù
ks,1,Ø¬Ù†Ø¤Ø±ÛŒ
ks,2,ÙØ±Ø¤Ø±ÛŒ
ks,3,Ù…Ø§Ø±Ù•Ú†
ks,4,Ø§Ù¾Ø±ÛŒÙ„
ks,5,Ù…ÛŒÙ”
ks,6,Ø¬ÙˆÙ—Ù†
ks,7,Ø¬ÙˆÙ—Ù„Ø§ÛŒÛŒ
ks,8,Ø§Ú¯Ø³Øª
ks,9,Ø³ØªÙ…Ø¨Ø±
ks,10,Ø§Ú©ØªÙˆÙ—Ø¨Ø±
ks,11,Ù†ÙˆÙ…Ø¨Ø±
ks,12,Ø¯Ø³Ù…Ø¨Ø±
ks_in,1,Ø¬Ù†Ø¤Ø±ÛŒ
ks_in,2,ÙØ±Ø¤Ø±ÛŒ
ks_in,3,Ù…Ø§Ø±Ù•Ú†
ks_in,4,Ø§Ù¾Ø±ÛŒÙ„
ks_in,5,Ù…ÛŒÙ”
ks_in,6,Ø¬ÙˆÙ—Ù†
ks_in,7,Ø¬ÙˆÙ—Ù„Ø§ÛŒÛŒ
ks_in,8,Ø§Ú¯Ø³Øª
ks_in,9,Ø³ØªÙ…Ø¨Ø±
ks_in,10,Ø§Ú©ØªÙˆÙ—Ø¨Ø±
ks_in,11,Ù†ÙˆÙ…Ø¨Ø±
ks_in,12,Ø¯Ø³Ù…Ø¨Ø±
ku_tr,1,˜Çäææäí Ïææ?ã
ku_tr,2,ÔæÈÇÊ
ku_tr,3,ÆÇÒÇÑ
ku_tr,4,äíÓÇä
ku_tr,5,ÆÇíÇÑ
ku_tr,6,ÍæÒ?íÑÇä
ku_tr,7,Ê?ãææÒ
ku_tr,8,ÆÇÈ
ku_tr,9,Æ?íáææá
ku_tr,10,ÊÔÑíäí í?˜?ã
ku_tr,11,ÊÔÑíäí Ïææ?ã
ku_tr,12,˜Çäæäí í?˜?ã
kw,1,mis Genver
kw,2,mis Hwevrer
kw,3,mis Meurth
kw,4,mis Ebrel
kw,5,mis Me
kw,6,mis Metheven
kw,7,mis Gortheren
kw,8,mis Est
kw,9,mis Gwynngala
kw,10,mis Hedra
kw,11,mis Du
kw,12,mis Kevardhu
kw_gb,1,mis Genver
kw_gb,2,mis Hwevrer
kw_gb,3,mis Meurth
kw_gb,4,mis Ebrel
kw_gb,5,mis Me
kw_gb,6,mis Metheven
kw_gb,7,mis Gortheren
kw_gb,8,mis Est
kw_gb,9,mis Gwynngala
kw_gb,10,mis Hedra
kw_gb,11,mis Du
kw_gb,12,mis Kevardhu
ky,1,ßíâàðü
ky,2,Ôåâðàëü
ky,3,Ìàðò
ky,4,Àïðåëü
ky,5,Ìàé
ky,6,Èþíü
ky,7,Èþëü
ky,8,Àâãóñò
ky,9,Ñåíòÿáðü
ky,10,Îêòÿáðü
ky,11,Íîÿáðü
ky,12,Äåêàáðü
ky_kg,1,ßíâàðü
ky_kg,2,Ôåâðàëü
ky_kg,3,Ìàðò
ky_kg,4,Àïðåëü
ky_kg,5,Ìàé
ky_kg,6,Èþíü
ky_kg,7,Èþëü
ky_kg,8,Àâãóñò
ky_kg,9,Ñåíòÿáðü
ky_kg,10,Îêòÿáðü
ky_kg,11,Íîÿáðü
ky_kg,12,Äåêàáðü
lb_lu,1,Januar
lb_lu,2,Februar
lb_lu,3,Mäerz
lb_lu,4,Abrëll
lb_lu,5,Mee
lb_lu,6,Juni
lb_lu,7,Juli
lb_lu,8,August
lb_lu,9,September
lb_lu,10,Oktober
lb_lu,11,November
lb_lu,12,Dezember
lg_ug,1,Janwaliyo
lg_ug,2,Febwaliyo
lg_ug,3,Marisi
lg_ug,4,Apuli
lg_ug,5,Maayi
lg_ug,6,Juuni
lg_ug,7,Julaayi
lg_ug,8,Agusito
lg_ug,9,Sebuttemba
lg_ug,10,Okitobba
lg_ug,11,Novemba
lg_ug,12,Desemba
li_be,1,January
li_be,2,February
li_be,3,March
li_be,4,April
li_be,5,May
li_be,6,June
li_be,7,July
li_be,8,August
li_be,9,September
li_be,10,October
li_be,11,November
li_be,12,December
li_nl,1,January
li_nl,2,February
li_nl,3,March
li_nl,4,April
li_nl,5,May
li_nl,6,June
li_nl,7,July
li_nl,8,August
li_nl,9,September
li_nl,10,October
li_nl,11,November
li_nl,12,December
lij_it,1,January
lij_it,2,February
lij_it,3,March
lij_it,4,April
lij_it,5,May
lij_it,6,June
lij_it,7,July
lij_it,8,August
lij_it,9,September
lij_it,10,October
lij_it,11,November
lij_it,12,December
lithuanian,1,sausis
lithuanian,2,vasaris
lithuanian,3,kovas
lithuanian,4,balandis
lithuanian,5,geguþë
lithuanian,6,birþelis
lithuanian,7,liepa
lithuanian,8,rugpjûtis
lithuanian,9,rugsëjis
lithuanian,10,spalis
lithuanian,11,lapkritis
lithuanian,12,gruodis
ln_cd,1,sÃ¡nzÃ¡ ya yambo
ln_cd,2,sÃ¡nzÃ¡ ya mÃ­balÃ©
ln_cd,3,sÃ¡nzÃ¡ ya mÃ­sÃ¡to
ln_cd,4,sÃ¡nzÃ¡ ya mÃ­nei
ln_cd,5,sÃ¡nzÃ¡ ya mÃ­tÃ¡no
ln_cd,6,sÃ¡nzÃ¡ ya motÃ³bÃ¡
ln_cd,7,sÃ¡nzÃ¡ ya nsambo
ln_cd,8,sÃ¡nzÃ¡ ya mwambe
ln_cd,9,sÃ¡nzÃ¡ ya libwa
ln_cd,10,sÃ¡nzÃ¡ ya zÃ³mi
ln_cd,11,sÃ¡nzÃ¡ ya zÃ³mi na mÉ”ÌŒkÉ”Ì
ln_cd,12,sÃ¡nzÃ¡ ya zÃ³mi na mÃ­balÃ©
lo,1,àº¡àº±àº‡àºàº­àº™
lo,2,àºàº¸àº¡àºžàº²
lo,3,àº¡àºµàº™àº²
lo,4,à»€àº¡àºªàº²
lo,5,àºžàº¶àº”àºªàº°àºžàº²
lo,6,àº¡àº´àº–àº¸àº™àº²
lo,7,àºà»àº¥àº°àºàº»àº”
lo,8,àºªàº´àº‡àº«àº²
lo,9,àºàº±àº™àºàº²
lo,10,àº•àº¸àº¥àº²
lo,11,àºžàº°àºˆàº´àº
lo,12,àº—àº±àº™àº§àº²
lo_la,1,àº¡àº±àº‡àºàº­àº™
lo_la,2,àºàº¸àº¡àºžàº²
lo_la,3,àº¡àºµàº™àº²
lo_la,4,à»€àº¡àºªàº²
lo_la,5,àºžàº¶àº”àºªàº°àºžàº²
lo_la,6,àº¡àº´àº–àº¸àº™àº²
lo_la,7,àºà»àº¥àº°àºàº»àº”
lo_la,8,àºªàº´àº‡àº«àº²
lo_la,9,àºàº±àº™àºàº²
lo_la,10,àº•àº¸àº¥àº²
lo_la,11,àºžàº°àºˆàº´àº
lo_la,12,àº—àº±àº™àº§àº²
lt,1,sausis
lt,2,vasaris
lt,3,kovas
lt,4,balandis
lt,5,geguþë
lt,6,birþelis
lt,7,liepa
lt,8,rugpjûtis
lt,9,rugsëjis
lt,10,spalis
lt,11,lapkritis
lt,12,gruodis
lt_lt,1,sausis
lt_lt,2,vasaris
lt_lt,3,kovas
lt_lt,4,balandis
lt_lt,5,geguþë
lt_lt,6,birþelis
lt_lt,7,liepa
lt_lt,8,rugpjûtis
lt_lt,9,rugsëjis
lt_lt,10,spalis
lt_lt,11,lapkritis
lt_lt,12,gruodis
lv,1,janvâris
lv,2,februâris
lv,3,marts
lv,4,aprîlis
lv,5,maijs
lv,6,jûnijs
lv,7,jûlijs
lv,8,augusts
lv,9,septembris
lv,10,oktobris
lv,11,novembris
lv,12,decembris
lv_lv,1,janvâris
lv_lv,2,februâris
lv_lv,3,marts
lv_lv,4,aprîlis
lv_lv,5,maijs
lv_lv,6,jûnijs
lv_lv,7,jûlijs
lv_lv,8,augusts
lv_lv,9,septembris
lv_lv,10,oktobris
lv_lv,11,novembris
lv_lv,12,decembris
lzh_tw,1,January
lzh_tw,2,February
lzh_tw,3,March
lzh_tw,4,April
lzh_tw,5,May
lzh_tw,6,June
lzh_tw,7,July
lzh_tw,8,August
lzh_tw,9,September
lzh_tw,10,October
lzh_tw,11,November
lzh_tw,12,December
mag_in,1,January
mag_in,2,February
mag_in,3,March
mag_in,4,April
mag_in,5,May
mag_in,6,June
mag_in,7,July
mag_in,8,August
mag_in,9,September
mag_in,10,October
mag_in,11,November
mag_in,12,December
mai,1,January
mai,2,February
mai,3,March
mai,4,April
mai,5,May
mai,6,June
mai,7,July
mai,8,August
mai,9,September
mai,10,October
mai,11,November
mai,12,December
mai_in,1,January
mai_in,2,February
mai_in,3,March
mai_in,4,April
mai_in,5,May
mai_in,6,June
mai_in,7,July
mai_in,8,August
mai_in,9,September
mai_in,10,October
mai_in,11,November
mai_in,12,December
mai_np,1,January
mai_np,2,February
mai_np,3,March
mai_np,4,April
mai_np,5,May
mai_np,6,June
mai_np,7,July
mai_np,8,August
mai_np,9,September
mai_np,10,October
mai_np,11,November
mai_np,12,December
mfe_mu,1,zanvie
mfe_mu,2,fevriye
mfe_mu,3,mars
mfe_mu,4,avril
mfe_mu,5,me
mfe_mu,6,zin
mfe_mu,7,zilye
mfe_mu,8,out
mfe_mu,9,septam
mfe_mu,10,oktob
mfe_mu,11,novam
mfe_mu,12,desam
mg_mg,1,Janoary
mg_mg,2,Febroary
mg_mg,3,Martsa
mg_mg,4,Aprily
mg_mg,5,Mey
mg_mg,6,Jona
mg_mg,7,Jolay
mg_mg,8,Aogositra
mg_mg,9,Septambra
mg_mg,10,Oktobra
mg_mg,11,Novambra
mg_mg,12,Desambra
mhr_ru,1,January
mhr_ru,2,February
mhr_ru,3,March
mhr_ru,4,April
mhr_ru,5,May
mhr_ru,6,June
mhr_ru,7,July
mhr_ru,8,August
mhr_ru,9,September
mhr_ru,10,October
mhr_ru,11,November
mhr_ru,12,December
mi,1,KohitÄtea
mi,2,Huitanguru
mi,3,PoutÅ«terangi
mi,4,PaengawhÄwhÄ
mi,5,Haratua
mi,6,Pipiri
mi,7,HÅngongoi
mi,8,HereturikÅkÄ
mi,9,Mahuru
mi,10,Whiringa Ä-nuku
mi,11,Whiringa Ä-rangi
mi,12,Hakihea
mi_nz,1,KohitÄtea
mi_nz,2,Huitanguru
mi_nz,3,PoutÅ«terangi
mi_nz,4,PaengawhÄwhÄ
mi_nz,5,Haratua
mi_nz,6,Pipiri
mi_nz,7,HÅngongoi
mi_nz,8,HereturikÅkÄ
mi_nz,9,Mahuru
mi_nz,10,Whiringa Ä-nuku
mi_nz,11,Whiringa Ä-rangi
mi_nz,12,Hakihea
miq_ni,1,January
miq_ni,2,February
miq_ni,3,March
miq_ni,4,April
miq_ni,5,May
miq_ni,6,June
miq_ni,7,July
miq_ni,8,August
miq_ni,9,September
miq_ni,10,October
miq_ni,11,November
miq_ni,12,December
mjw_in,1,January
mjw_in,2,February
mjw_in,3,March
mjw_in,4,April
mjw_in,5,May
mjw_in,6,June
mjw_in,7,July
mjw_in,8,August
mjw_in,9,September
mjw_in,10,October
mjw_in,11,November
mjw_in,12,December
mk,1,¼àíóàðè
mk,2,ôåâðóàðè
mk,3,ìàðò
mk,4,àïðèë
mk,5,ìà¼
mk,6,¼óíè
mk,7,¼óëè
mk,8,àâãóñò
mk,9,ñåïòåìâðè
mk,10,îêòîìâðè
mk,11,íîåìâðè
mk,12,äåêåìâðè
mk_mk,1,¼àíóàðè
mk_mk,2,ôåâðóàðè
mk_mk,3,ìàðò
mk_mk,4,àïðèë
mk_mk,5,ìà¼
mk_mk,6,¼óíè
mk_mk,7,¼óëè
mk_mk,8,àâãóñò
mk_mk,9,ñåïòåìâðè
mk_mk,10,îêòîìâðè
mk_mk,11,íîåìâðè
mk_mk,12,äåêåìâðè
ml,1,à´œà´¨àµà´µà´°à´¿
ml,2,à´«àµ†à´¬àµà´°àµà´µà´°à´¿
ml,3,à´®à´¾àµ¼à´šàµà´šàµ
ml,4,à´à´ªàµà´°à´¿àµ½
ml,5,à´®àµ‡à´¯àµ
ml,6,à´œàµ‚àµº
ml,7,à´œàµ‚à´²àµˆ
ml,8,à´“à´—à´¸àµà´±àµà´±àµ
ml,9,à´¸àµ†à´ªàµà´±àµà´±à´‚à´¬àµ¼
ml,10,à´’à´•àµâ€Œà´Ÿàµ‹à´¬àµ¼
ml,11,à´¨à´µà´‚à´¬àµ¼
ml,12,à´¡à´¿à´¸à´‚à´¬àµ¼
ml_in,1,à´œà´¨àµà´µà´°à´¿
ml_in,2,à´«àµ†à´¬àµà´°àµà´µà´°à´¿
ml_in,3,à´®à´¾àµ¼à´šàµà´šàµ
ml_in,4,à´à´ªàµà´°à´¿àµ½
ml_in,5,à´®àµ‡à´¯àµ
ml_in,6,à´œàµ‚àµº
ml_in,7,à´œàµ‚à´²àµˆ
ml_in,8,à´“à´—à´¸àµà´±àµà´±àµ
ml_in,9,à´¸àµ†à´ªàµà´±àµà´±à´‚à´¬àµ¼
ml_in,10,à´’à´•àµâ€Œà´Ÿàµ‹à´¬àµ¼
ml_in,11,à´¨à´µà´‚à´¬àµ¼
ml_in,12,à´¡à´¿à´¸à´‚à´¬àµ¼
mn_mn,1,Íýãä?ãýýð ñàð
mn_mn,2,Õî¸ðäóãààð ñàð
mn_mn,3,Ãóðàâäóãààð ñàð
mn_mn,4,Ä?ð?âä?ãýýð ñàð
mn_mn,5,Òàâäóãààð ñàð
mn_mn,6,Çóðãààäóãààð ñàð
mn_mn,7,Äîëîîäóãààð ñàð
mn_mn,8,Íàéìäóãààð ñàð
mn_mn,9,Åñä?ãýýð ñàð
mn_mn,10,Àðàâäóãààð ñàð
mn_mn,11,Àðâàí íýãä?ãýýð ñàð
mn_mn,12,Àðâàí õî¸ðäóãààð ñàð
mni_in,1,à§±à¦¾à¦•à¦¿à¦šà¦™
mni_in,2,à¦²à¦¾à¦˜à¦¾à¦«à¦¾à¦‡à¦°à§‡à¦²
mni_in,3,à¦²à¦®à¦¦à¦¾
mni_in,4,à¦¸à¦œà¦¿à¦¬à§
mni_in,5,à¦•à¦¾à¦²à§‡à¦¨à§
mni_in,6,à¦‡à¦™à¦¾à¦ƒ
mni_in,7,à¦‡à¦™à§‡à¦¨
mni_in,8,à¦¥à§±à¦¾à¦¨
mni_in,9,à¦²à¦¾à¦‚à¦¬à¦¨
mni_in,10,à¦®à§‡à¦°à¦¾à¦ƒ
mni_in,11,à¦¹à¦¾à¦—à§ˆà¦ƒ
mni_in,12,à¦ªà§‹à¦‡à¦¨à§
mr,1,à¤œà¤¾à¤¨à¥‡à¤µà¤¾à¤°à¥€
mr,2,à¤«à¥‡à¤¬à¥à¤°à¥à¤µà¤¾à¤°à¥€
mr,3,à¤®à¤¾à¤°à¥à¤š
mr,4,à¤à¤ªà¥à¤°à¤¿à¤²
mr,5,à¤®à¥‡
mr,6,à¤œà¥‚à¤¨
mr,7,à¤œà¥à¤²à¥ˆ
mr,8,à¤‘à¤—à¤¸à¥à¤Ÿ
mr,9,à¤¸à¤ªà¥à¤Ÿà¥‡à¤‚à¤¬à¤°
mr,10,à¤‘à¤•à¥à¤Ÿà¥‹à¤¬à¤°
mr,11,à¤¨à¥‹à¤µà¥à¤¹à¥‡à¤‚à¤¬à¤°
mr,12,à¤¡à¤¿à¤¸à¥‡à¤‚à¤¬à¤°
mr_in,1,à¤œà¤¾à¤¨à¥‡à¤µà¤¾à¤°à¥€
mr_in,2,à¤«à¥‡à¤¬à¥à¤°à¥à¤µà¤¾à¤°à¥€
mr_in,3,à¤®à¤¾à¤°à¥à¤š
mr_in,4,à¤à¤ªà¥à¤°à¤¿à¤²
mr_in,5,à¤®à¥‡
mr_in,6,à¤œà¥‚à¤¨
mr_in,7,à¤œà¥à¤²à¥ˆ
mr_in,8,à¤‘à¤—à¤¸à¥à¤Ÿ
mr_in,9,à¤¸à¤ªà¥à¤Ÿà¥‡à¤‚à¤¬à¤°
mr_in,10,à¤‘à¤•à¥à¤Ÿà¥‹à¤¬à¤°
mr_in,11,à¤¨à¥‹à¤µà¥à¤¹à¥‡à¤‚à¤¬à¤°
mr_in,12,à¤¡à¤¿à¤¸à¥‡à¤‚à¤¬à¤°
ms,1,Januari
ms,2,Februari
ms,3,Mac
ms,4,April
ms,5,Mei
ms,6,Jun
ms,7,Julai
ms,8,Ogos
ms,9,September
ms,10,Oktober
ms,11,November
ms,12,Disember
ms_my,1,Januari
ms_my,2,Februari
ms_my,3,Mac
ms_my,4,April
ms_my,5,Mei
ms_my,6,Jun
ms_my,7,Julai
ms_my,8,Ogos
ms_my,9,September
ms_my,10,Oktober
ms_my,11,November
ms_my,12,Disember
mt,1,Jannar
mt,2,Frar
mt,3,Marzu
mt,4,April
mt,5,Mejju
mt,6,Ä unju
mt,7,Lulju
mt,8,Awwissu
mt,9,Settembru
mt,10,Ottubru
mt,11,Novembru
mt,12,DiÄ‹embru
mt_mt,1,Jannar
mt_mt,2,Frar
mt_mt,3,Marzu
mt_mt,4,April
mt_mt,5,Mejju
mt_mt,6,Ä unju
mt_mt,7,Lulju
mt_mt,8,Awwissu
mt_mt,9,Settembru
mt_mt,10,Ottubru
mt_mt,11,Novembru
mt_mt,12,DiÄ‹embru
my_mm,1,á€‡á€”á€ºá€”á€á€«á€›á€®
my_mm,2,á€–á€±á€–á€±á€¬á€ºá€á€«á€›á€®
my_mm,3,á€™á€á€º
my_mm,4,á€§á€•á€¼á€®
my_mm,5,á€™á€±
my_mm,6,á€‡á€½á€”á€º
my_mm,7,á€‡á€°á€œá€­á€¯á€„á€º
my_mm,8,á€©á€‚á€¯á€á€º
my_mm,9,á€…á€€á€ºá€á€„á€ºá€˜á€¬
my_mm,10,á€¡á€±á€¬á€€á€ºá€á€­á€¯á€˜á€¬
my_mm,11,á€”á€­á€¯á€á€„á€ºá€˜á€¬
my_mm,12,á€’á€®á€‡á€„á€ºá€˜á€¬
nan_tw,1,January
nan_tw,2,February
nan_tw,3,March
nan_tw,4,April
nan_tw,5,May
nan_tw,6,June
nan_tw,7,July
nan_tw,8,August
nan_tw,9,September
nan_tw,10,October
nan_tw,11,November
nan_tw,12,December
nb,1,januar
nb,2,februar
nb,3,mars
nb,4,april
nb,5,mai
nb,6,juni
nb,7,juli
nb,8,august
nb,9,september
nb,10,oktober
nb,11,november
nb,12,desember
nb_no,1,januar
nb_no,2,februar
nb_no,3,mars
nb_no,4,april
nb_no,5,mai
nb_no,6,juni
nb_no,7,juli
nb_no,8,august
nb_no,9,september
nb_no,10,oktober
nb_no,11,november
nb_no,12,desember
nds_de,1,Januaar
nds_de,2,Februaar
nds_de,3,MÃ¤rz
nds_de,4,April
nds_de,5,Mai
nds_de,6,Juni
nds_de,7,Juli
nds_de,8,August
nds_de,9,September
nds_de,10,Oktover
nds_de,11,November
nds_de,12,Dezember
nds_nl,1,Januaar
nds_nl,2,Februaar
nds_nl,3,MÃ¤rz
nds_nl,4,April
nds_nl,5,Mai
nds_nl,6,Juni
nds_nl,7,Juli
nds_nl,8,August
nds_nl,9,September
nds_nl,10,Oktover
nds_nl,11,November
nds_nl,12,Dezember
ne_np,1,à¤œà¤¨à¤µà¤°à¥€
ne_np,2,à¤«à¥‡à¤¬à¥à¤°à¥à¤…à¤°à¥€
ne_np,3,à¤®à¤¾à¤°à¥à¤š
ne_np,4,à¤…à¤ªà¥à¤°à¤¿à¤²
ne_np,5,à¤®à¥‡
ne_np,6,à¤œà¥‚à¤¨
ne_np,7,à¤œà¥à¤²à¤¾à¤ˆ
ne_np,8,à¤…à¤—à¤¸à¥à¤¤
ne_np,9,à¤¸à¥‡à¤ªà¥à¤Ÿà¥‡à¤®à¥à¤¬à¤°
ne_np,10,à¤…à¤•à¥à¤Ÿà¥‹à¤¬à¤°
ne_np,11,à¤¨à¥‹à¤­à¥‡à¤®à¥à¤¬à¤°
ne_np,12,à¤¡à¤¿à¤¸à¥‡à¤®à¥à¤¬à¤°
nhn_mx,1,January
nhn_mx,2,February
nhn_mx,3,March
nhn_mx,4,April
nhn_mx,5,May
nhn_mx,6,June
nhn_mx,7,July
nhn_mx,8,August
nhn_mx,9,September
nhn_mx,10,October
nhn_mx,11,November
nhn_mx,12,December
niu_nu,1,January
niu_nu,2,February
niu_nu,3,March
niu_nu,4,April
niu_nu,5,May
niu_nu,6,June
niu_nu,7,July
niu_nu,8,August
niu_nu,9,September
niu_nu,10,October
niu_nu,11,November
niu_nu,12,December
niu_nz,1,January
niu_nz,2,February
niu_nz,3,March
niu_nz,4,April
niu_nz,5,May
niu_nz,6,June
niu_nz,7,July
niu_nz,8,August
niu_nz,9,September
niu_nz,10,October
niu_nz,11,November
niu_nz,12,December
nl,1,januari
nl,2,februari
nl,3,maart
nl,4,april
nl,5,mei
nl,6,juni
nl,7,juli
nl,8,augustus
nl,9,september
nl,10,oktober
nl,11,november
nl,12,december
nl_aw,1,januari
nl_aw,2,februari
nl_aw,3,maart
nl_aw,4,april
nl_aw,5,mei
nl_aw,6,juni
nl_aw,7,juli
nl_aw,8,augustus
nl_aw,9,september
nl_aw,10,oktober
nl_aw,11,november
nl_aw,12,december
nl_be,1,januari
nl_be,2,februari
nl_be,3,maart
nl_be,4,april
nl_be,5,mei
nl_be,6,juni
nl_be,7,juli
nl_be,8,augustus
nl_be,9,september
nl_be,10,oktober
nl_be,11,november
nl_be,12,december
nl_nl,1,januari
nl_nl,2,februari
nl_nl,3,maart
nl_nl,4,april
nl_nl,5,mei
nl_nl,6,juni
nl_nl,7,juli
nl_nl,8,augustus
nl_nl,9,september
nl_nl,10,oktober
nl_nl,11,november
nl_nl,12,december
nn,1,januar
nn,2,februar
nn,3,mars
nn,4,april
nn,5,mai
nn,6,juni
nn,7,juli
nn,8,august
nn,9,september
nn,10,oktober
nn,11,november
nn,12,desember
nn_no,1,januar
nn_no,2,februar
nn_no,3,mars
nn_no,4,april
nn_no,5,mai
nn_no,6,juni
nn_no,7,juli
nn_no,8,august
nn_no,9,september
nn_no,10,oktober
nn_no,11,november
nn_no,12,desember
no,1,januar
no,2,februar
no,3,mars
no,4,april
no,5,mai
no,6,juni
no,7,juli
no,8,august
no,9,september
no,10,oktober
no,11,november
no,12,desember
no_no,1,januar
no_no,2,februar
no_no,3,mars
no_no,4,april
no_no,5,mai
no_no,6,juni
no_no,7,juli
no_no,8,august
no_no,9,september
no_no,10,oktober
no_no,11,november
no_no,12,desember
norwegian,1,januar
norwegian,2,februar
norwegian,3,mars
norwegian,4,april
norwegian,5,mai
norwegian,6,juni
norwegian,7,juli
norwegian,8,august
norwegian,9,september
norwegian,10,oktober
norwegian,11,november
norwegian,12,desember
nr,1,Janabari
nr,2,uFeberbari
nr,3,uMatjhi
nr,4,u-Apreli
nr,5,Meyi
nr,6,Juni
nr,7,Julayi
nr,8,Arhostosi
nr,9,Septemba
nr,10,Oktoba
nr,11,Usinyikhaba
nr,12,Disemba
nr_za,1,Janabari
nr_za,2,uFeberbari
nr_za,3,uMatjhi
nr_za,4,u-Apreli
nr_za,5,Meyi
nr_za,6,Juni
nr_za,7,Julayi
nr_za,8,Arhostosi
nr_za,9,Septemba
nr_za,10,Oktoba
nr_za,11,Usinyikhaba
nr_za,12,Disemba
nso,1,Pherekgong
nso,2,Dibokwane
nso,3,Hlakola
nso,4,Moranang
nso,5,Mopitlo
nso,6,Phupu
nso,7,Mosegemanye
nso,8,Phato
nso,9,Lewedi
nso,10,Diphalane
nso,11,Dibatsela
nso,12,Manthole
nso_za,1,Pherekgong
nso_za,2,Dibokwane
nso_za,3,Hlakola
nso_za,4,Moranang
nso_za,5,Mopitlo
nso_za,6,Phupu
nso_za,7,Mosegemanye
nso_za,8,Phato
nso_za,9,Lewedi
nso_za,10,Diphalane
nso_za,11,Dibatsela
nso_za,12,Manthole
ny,1,January
ny,2,February
ny,3,March
ny,4,April
ny,5,May
ny,6,June
ny,7,July
ny,8,August
ny,9,September
ny,10,October
ny,11,November
ny,12,December
ny_no,1,January
ny_no,2,February
ny_no,3,March
ny_no,4,April
ny_no,5,May
ny_no,6,June
ny_no,7,July
ny_no,8,August
ny_no,9,September
ny_no,10,October
ny_no,11,November
ny_no,12,December
oc,1,genièr
oc,2,febrièr
oc,3,març
oc,4,abril
oc,5,mai
oc,6,junh
oc,7,julhet
oc,8,agost
oc,9,setembre
oc,10,octobre
oc,11,novembre
oc,12,decembre
oc_fr,1,genièr
oc_fr,2,febrièr
oc_fr,3,març
oc_fr,4,abril
oc_fr,5,mai
oc_fr,6,junh
oc_fr,7,julhet
oc_fr,8,agost
oc_fr,9,setembre
oc_fr,10,octobre
oc_fr,11,novembre
oc_fr,12,decembre
om_et,1,Amajjii
om_et,2,Guraandhala
om_et,3,Bitooteessa
om_et,4,Elba
om_et,5,Caamsa
om_et,6,Waxabajjii
om_et,7,Adooleessa
om_et,8,Hagayya
om_et,9,Fuulbana
om_et,10,Onkololeessa
om_et,11,Sadaasa
om_et,12,Muddee
om_ke,1,Amajjii
om_ke,2,Guraandhala
om_ke,3,Bitooteessa
om_ke,4,Elba
om_ke,5,Caamsa
om_ke,6,Waxabajjii
om_ke,7,Adooleessa
om_ke,8,Hagayya
om_ke,9,Fuulbana
om_ke,10,Onkololeessa
om_ke,11,Sadaasa
om_ke,12,Muddee
or,1,à¬œà¬¾à¬¨à­à­Ÿà¬¾à¬°à­€
or,2,à¬«à­‡à¬¬à­ƒà¬†à¬°à­€
or,3,à¬®à¬¾à¬°à­à¬šà­à¬š
or,4,à¬à¬ªà­à¬°à¬¿à¬²à­â€Œ
or,5,à¬®à­‡
or,6,à¬œà­à¬¨à­â€Œ
or,7,à¬œà­à¬²à¬¾à¬‡
or,8,à¬…à¬—à¬·à­à¬Ÿ
or,9,à¬¸à­‡à¬ªà­à¬Ÿà­‡à¬®à­à¬¬à¬°
or,10,à¬…à¬•à­à¬Ÿà­‹à¬¬à¬°
or,11,à¬¨à¬­à­‡à¬®à­à¬¬à¬°
or,12,à¬¡à¬¿à¬¸à­‡à¬®à­à¬¬à¬°
or_in,1,à¬œà¬¾à¬¨à­à­Ÿà¬¾à¬°à­€
or_in,2,à¬«à­‡à¬¬à­ƒà¬†à¬°à­€
or_in,3,à¬®à¬¾à¬°à­à¬šà­à¬š
or_in,4,à¬à¬ªà­à¬°à¬¿à¬²à­â€Œ
or_in,5,à¬®à­‡
or_in,6,à¬œà­à¬¨à­â€Œ
or_in,7,à¬œà­à¬²à¬¾à¬‡
or_in,8,à¬…à¬—à¬·à­à¬Ÿ
or_in,9,à¬¸à­‡à¬ªà­à¬Ÿà­‡à¬®à­à¬¬à¬°
or_in,10,à¬…à¬•à­à¬Ÿà­‹à¬¬à¬°
or_in,11,à¬¨à¬­à­‡à¬®à­à¬¬à¬°
or_in,12,à¬¡à¬¿à¬¸à­‡à¬®à­à¬¬à¬°
os_ru,1,Ð¯Ð½Ð²Ð°Ñ€ÑŒ
os_ru,2,Ð¤ÐµÐ²Ñ€Ð°Ð»ÑŒ
os_ru,3,ÐœÐ°Ñ€Ñ‚ÑŠÐ¸
os_ru,4,ÐÐ¿Ñ€ÐµÐ»ÑŒ
os_ru,5,ÐœÐ°Ð¹
os_ru,6,Ð˜ÑŽÐ½ÑŒ
os_ru,7,Ð˜ÑŽÐ»ÑŒ
os_ru,8,ÐÐ²Ð³ÑƒÑÑ‚
os_ru,9,Ð¡ÐµÐ½Ñ‚ÑÐ±Ñ€ÑŒ
os_ru,10,ÐžÐºÑ‚ÑÐ±Ñ€ÑŒ
os_ru,11,ÐÐ¾ÑÐ±Ñ€ÑŒ
os_ru,12,Ð”ÐµÐºÐ°Ð±Ñ€ÑŒ
pa,1,à¨œà¨¨à¨µà¨°à©€
pa,2,à©žà¨°à¨µà¨°à©€
pa,3,à¨®à¨¾à¨°à¨š
pa,4,à¨…à¨ªà©à¨°à©ˆà¨²
pa,5,à¨®à¨ˆ
pa,6,à¨œà©‚à¨¨
pa,7,à¨œà©à¨²à¨¾à¨ˆ
pa,8,à¨…à¨—à¨¸à¨¤
pa,9,à¨¸à¨¤à©°à¨¬à¨°
pa,10,à¨…à¨•à¨¤à©‚à¨¬à¨°
pa,11,à¨¨à¨µà©°à¨¬à¨°
pa,12,à¨¦à¨¸à©°à¨¬à¨°
pa_in,1,à¨œà¨¨à¨µà¨°à©€
pa_in,2,à©žà¨°à¨µà¨°à©€
pa_in,3,à¨®à¨¾à¨°à¨š
pa_in,4,à¨…à¨ªà©à¨°à©ˆà¨²
pa_in,5,à¨®à¨ˆ
pa_in,6,à¨œà©‚à¨¨
pa_in,7,à¨œà©à¨²à¨¾à¨ˆ
pa_in,8,à¨…à¨—à¨¸à¨¤
pa_in,9,à¨¸à¨¤à©°à¨¬à¨°
pa_in,10,à¨…à¨•à¨¤à©‚à¨¬à¨°
pa_in,11,à¨¨à¨µà©°à¨¬à¨°
pa_in,12,à¨¦à¨¸à©°à¨¬à¨°
pa_pk,1,à¨œà¨¨à¨µà¨°à©€
pa_pk,2,à©žà¨°à¨µà¨°à©€
pa_pk,3,à¨®à¨¾à¨°à¨š
pa_pk,4,à¨…à¨ªà©à¨°à©ˆà¨²
pa_pk,5,à¨®à¨ˆ
pa_pk,6,à¨œà©‚à¨¨
pa_pk,7,à¨œà©à¨²à¨¾à¨ˆ
pa_pk,8,à¨…à¨—à¨¸à¨¤
pa_pk,9,à¨¸à¨¤à©°à¨¬à¨°
pa_pk,10,à¨…à¨•à¨¤à©‚à¨¬à¨°
pa_pk,11,à¨¨à¨µà©°à¨¬à¨°
pa_pk,12,à¨¦à¨¸à©°à¨¬à¨°
pap_an,1,januari
pap_an,2,februari
pap_an,3,maart
pap_an,4,april
pap_an,5,mei
pap_an,6,juni
pap_an,7,juli
pap_an,8,augustus
pap_an,9,september
pap_an,10,oktober
pap_an,11,november
pap_an,12,december
pap_aw,1,januari
pap_aw,2,februari
pap_aw,3,maart
pap_aw,4,april
pap_aw,5,mei
pap_aw,6,juni
pap_aw,7,juli
pap_aw,8,augustus
pap_aw,9,september
pap_aw,10,oktober
pap_aw,11,november
pap_aw,12,december
pap_cw,1,januari
pap_cw,2,februari
pap_cw,3,maart
pap_cw,4,april
pap_cw,5,mei
pap_cw,6,juni
pap_cw,7,juli
pap_cw,8,augustus
pap_cw,9,september
pap_cw,10,oktober
pap_cw,11,november
pap_cw,12,december
pd,1,January
pd,2,February
pd,3,March
pd,4,April
pd,5,May
pd,6,June
pd,7,July
pd,8,August
pd,9,September
pd,10,October
pd,11,November
pd,12,December
pd_de,1,January
pd_de,2,February
pd_de,3,March
pd_de,4,April
pd_de,5,May
pd_de,6,June
pd_de,7,July
pd_de,8,August
pd_de,9,September
pd_de,10,October
pd_de,11,November
pd_de,12,December
pd_us,1,January
pd_us,2,February
pd_us,3,March
pd_us,4,April
pd_us,5,May
pd_us,6,June
pd_us,7,July
pd_us,8,August
pd_us,9,September
pd_us,10,October
pd_us,11,November
pd_us,12,December
ph,1,January
ph,2,February
ph,3,March
ph,4,April
ph,5,May
ph,6,June
ph,7,July
ph,8,August
ph,9,September
ph,10,October
ph,11,November
ph,12,December
ph_ph,1,January
ph_ph,2,February
ph_ph,3,March
ph_ph,4,April
ph_ph,5,May
ph_ph,6,June
ph_ph,7,July
ph_ph,8,August
ph_ph,9,September
ph_ph,10,October
ph_ph,11,November
ph_ph,12,December
pl,1,styczeñ
pl,2,luty
pl,3,marzec
pl,4,kwiecieñ
pl,5,maj
pl,6,czerwiec
pl,7,lipiec
pl,8,sierpieñ
pl,9,wrzesieñ
pl,10,paŸdziernik
pl,11,listopad
pl,12,grudzieñ
pl_pl,1,styczeñ
pl_pl,2,luty
pl_pl,3,marzec
pl_pl,4,kwiecieñ
pl_pl,5,maj
pl_pl,6,czerwiec
pl_pl,7,lipiec
pl_pl,8,sierpieñ
pl_pl,9,wrzesieñ
pl_pl,10,paŸdziernik
pl_pl,11,listopad
pl_pl,12,grudzieñ
polish,1,styczeñ
polish,2,luty
polish,3,marzec
polish,4,kwiecieñ
polish,5,maj
polish,6,czerwiec
polish,7,lipiec
polish,8,sierpieñ
polish,9,wrzesieñ
polish,10,paŸdziernik
polish,11,listopad
polish,12,grudzieñ
portuguese,1,janeiro
portuguese,2,fevereiro
portuguese,3,março
portuguese,4,abril
portuguese,5,maio
portuguese,6,junho
portuguese,7,julho
portuguese,8,agosto
portuguese,9,setembro
portuguese,10,outubro
portuguese,11,novembro
portuguese,12,dezembro
portuguese_brazil,1,janeiro
portuguese_brazil,2,fevereiro
portuguese_brazil,3,março
portuguese_brazil,4,abril
portuguese_brazil,5,maio
portuguese_brazil,6,junho
portuguese_brazil,7,julho
portuguese_brazil,8,agosto
portuguese_brazil,9,setembro
portuguese_brazil,10,outubro
portuguese_brazil,11,novembro
portuguese_brazil,12,dezembro
pp,1,January
pp,2,February
pp,3,March
pp,4,April
pp,5,May
pp,6,June
pp,7,July
pp,8,August
pp,9,September
pp,10,October
pp,11,November
pp,12,December
pp_an,1,January
pp_an,2,February
pp_an,3,March
pp_an,4,April
pp_an,5,May
pp_an,6,June
pp_an,7,July
pp_an,8,August
pp_an,9,September
pp_an,10,October
pp_an,11,November
pp_an,12,December
ps_af,1,Ø¬Ù†ÙˆØ±ÙŠ
ps_af,2,ÙÛØ¨Ø±ÙˆØ±ÙŠ
ps_af,3,Ù…Ø§Ø±Ú†
ps_af,4,Ø§Ù¾Ø±ÛŒÙ„
ps_af,5,Ù…Û
ps_af,6,Ø¬ÙˆÙ†
ps_af,7,Ø¬ÙˆÙ„Ø§ÛŒ
ps_af,8,Ø§Ú¯Ø³Øª
ps_af,9,Ø³Ù¾ØªÙ…Ø¨Ø±
ps_af,10,Ø§Ú©ØªÙˆØ¨Ø±
ps_af,11,Ù†ÙˆÙ…Ø¨Ø±
ps_af,12,Ø¯Ø³Ù…Ø¨Ø±
pt,1,janeiro
pt,2,fevereiro
pt,3,março
pt,4,abril
pt,5,maio
pt,6,junho
pt,7,julho
pt,8,agosto
pt,9,setembro
pt,10,outubro
pt,11,novembro
pt,12,dezembro
pt_br,1,janeiro
pt_br,2,fevereiro
pt_br,3,março
pt_br,4,abril
pt_br,5,maio
pt_br,6,junho
pt_br,7,julho
pt_br,8,agosto
pt_br,9,setembro
pt_br,10,outubro
pt_br,11,novembro
pt_br,12,dezembro
pt_pt,1,janeiro
pt_pt,2,fevereiro
pt_pt,3,março
pt_pt,4,abril
pt_pt,5,maio
pt_pt,6,junho
pt_pt,7,julho
pt_pt,8,agosto
pt_pt,9,setembro
pt_pt,10,outubro
pt_pt,11,novembro
pt_pt,12,dezembro
quz_pe,1,Qulla puquy
quz_pe,2,Hatun puquy
quz_pe,3,Pauqar waray
quz_pe,4,ayriwa
quz_pe,5,Aymuray
quz_pe,6,Inti raymi
quz_pe,7,Anta Sitwa
quz_pe,8,Qhapaq Sitwa
quz_pe,9,Uma raymi
quz_pe,10,Kantaray
quz_pe,11,Ayamarq'a
quz_pe,12,Kapaq Raymi
raj_in,1,January
raj_in,2,February
raj_in,3,March
raj_in,4,April
raj_in,5,May
raj_in,6,June
raj_in,7,July
raj_in,8,August
raj_in,9,September
raj_in,10,October
raj_in,11,November
raj_in,12,December
ro,1,ianuarie
ro,2,februarie
ro,3,martie
ro,4,aprilie
ro,5,mai
ro,6,iunie
ro,7,iulie
ro,8,august
ro,9,septembrie
ro,10,octombrie
ro,11,noiembrie
ro,12,decembrie
ro_ro,1,ianuarie
ro_ro,2,februarie
ro_ro,3,martie
ro_ro,4,aprilie
ro_ro,5,mai
ro_ro,6,iunie
ro_ro,7,iulie
ro_ro,8,august
ro_ro,9,septembrie
ro_ro,10,octombrie
ro_ro,11,noiembrie
ro_ro,12,decembrie
romanian,1,ianuarie
romanian,2,februarie
romanian,3,martie
romanian,4,aprilie
romanian,5,mai
romanian,6,iunie
romanian,7,iulie
romanian,8,august
romanian,9,septembrie
romanian,10,octombrie
romanian,11,noiembrie
romanian,12,decembrie
ru,1,ßíâàðü
ru,2,Ôåâðàëü
ru,3,Ìàðò
ru,4,Àïðåëü
ru,5,Ìàé
ru,6,Èþíü
ru,7,Èþëü
ru,8,Àâãóñò
ru,9,Ñåíòÿáðü
ru,10,Îêòÿáðü
ru,11,Íîÿáðü
ru,12,Äåêàáðü
ru_ru,1,ßíâàðü
ru_ru,2,Ôåâðàëü
ru_ru,3,Ìàðò
ru_ru,4,Àïðåëü
ru_ru,5,Ìàé
ru_ru,6,Èþíü
ru_ru,7,Èþëü
ru_ru,8,Àâãóñò
ru_ru,9,Ñåíòÿáðü
ru_ru,10,Îêòÿáðü
ru_ru,11,Íîÿáðü
ru_ru,12,Äåêàáðü
ru_ua,1,ÿíâàðü
ru_ua,2,ôåâðàëü
ru_ua,3,ìàðò
ru_ua,4,àïðåëü
ru_ua,5,ìàé
ru_ua,6,èþíü
ru_ua,7,èþëü
ru_ua,8,àâãóñò
ru_ua,9,ñåíòÿáðü
ru_ua,10,îêòÿáðü
ru_ua,11,íîÿáðü
ru_ua,12,äåêàáðü
russian,1,ßíâàðü
russian,2,Ôåâðàëü
russian,3,Ìàðò
russian,4,Àïðåëü
russian,5,Ìàé
russian,6,Èþíü
russian,7,Èþëü
russian,8,Àâãóñò
russian,9,Ñåíòÿáðü
russian,10,Îêòÿáðü
russian,11,Íîÿáðü
russian,12,Äåêàáðü
rw,1,Mutarama
rw,2,Gashyantare
rw,3,Werurwe
rw,4,Mata
rw,5,Gicuransi
rw,6,Kamena
rw,7,Nyakanga
rw,8,Kanama
rw,9,Nzeli
rw,10,Ukwakira
rw,11,Ugushyingo
rw,12,Ukuboza
rw_rw,1,Mutarama
rw_rw,2,Gashyantare
rw_rw,3,Werurwe
rw_rw,4,Mata
rw_rw,5,Gicuransi
rw_rw,6,Kamena
rw_rw,7,Nyakanga
rw_rw,8,Kanama
rw_rw,9,Nzeli
rw_rw,10,Ukwakira
rw_rw,11,Ugushyingo
rw_rw,12,Ukuboza
sa_in,1,à¤œà¤¾à¤¨à¥à¤¯à¥à¤…à¤°à¥€
sa_in,2,à¤«à¥‡à¤¬à¥à¤°à¥à¤…à¤°à¥€
sa_in,3,à¤®à¤¾à¤°à¥à¤š
sa_in,4,à¤à¤ªà¥à¤°à¤¿à¤²
sa_in,5,à¤®à¥‡
sa_in,6,à¤œà¥‚à¤¨
sa_in,7,à¤œà¥à¤²à¥ˆ
sa_in,8,à¤‘à¤—à¤¸à¥à¤Ÿ
sa_in,9,à¤¸à¤ªà¥à¤Ÿà¥‡à¤‚à¤¬à¤°
sa_in,10,à¤‘à¤•à¥à¤Ÿà¥‹à¤¬à¤°
sa_in,11,à¤¨à¥‹à¤µà¥à¤¹à¥‡à¤‚à¤¬à¤°
sa_in,12,à¤¡à¤¿à¤¸à¥‡à¤‚à¤¬à¤°
sat_in,1,January
sat_in,2,February
sat_in,3,March
sat_in,4,April
sat_in,5,May
sat_in,6,June
sat_in,7,July
sat_in,8,August
sat_in,9,September
sat_in,10,October
sat_in,11,November
sat_in,12,December
sc_it,1,January
sc_it,2,February
sc_it,3,March
sc_it,4,April
sc_it,5,May
sc_it,6,June
sc_it,7,July
sc_it,8,August
sc_it,9,September
sc_it,10,October
sc_it,11,November
sc_it,12,December
sd,1,ÌäæÑí
sd,2,ÝÑæÑí
sd,3,ãÇÑ
sd,4,ÇÑíá
sd,5,ã?í
sd,6,Ìæä
sd,7,ÌæáÇÁö
sd,8,ÂÓÊ
sd,9,ÓÊãÈÑ
sd,10,Â˜ÊæÈÑ
sd,11,äæãÈÑ
sd,12,?ÓãÈÑ
sd_in,1,ÌäæÑí
sd_in,2,ÝÑæÑí
sd_in,3,ãÇÑ
sd_in,4,ÇÑíá
sd_in,5,ã?í
sd_in,6,Ìæä
sd_in,7,ÌæáÇÁö
sd_in,8,ÂÓÊ
sd_in,9,ÓÊãÈÑ
sd_in,10,Â˜ÊæÈÑ
sd_in,11,äæãÈÑ
sd_in,12,?ÓãÈÑ
sd_pk,1,ÌäæÑí
sd_pk,2,ÝÑæÑí
sd_pk,3,ãÇÑ
sd_pk,4,ÇÑíá
sd_pk,5,ã?í
sd_pk,6,Ìæä
sd_pk,7,ÌæáÇÁö
sd_pk,8,ÂÓÊ
sd_pk,9,ÓÊãÈÑ
sd_pk,10,Â˜ÊæÈÑ
sd_pk,11,äæãÈÑ
sd_pk,12,?ÓãÈÑ
se_no,1,oddajagemánnu
se_no,2,guovvamánnu
se_no,3,njukcamánnu
se_no,4,cuo?ománnu
se_no,5,miessemánnu
se_no,6,geassemánnu
se_no,7,suoidnemánnu
se_no,8,borgemánnu
se_no,9,cakcamánnu
se_no,10,golggotmánnu
se_no,11,skábmamánnu
se_no,12,juovlamánnu
sgs_lt,1,January
sgs_lt,2,February
sgs_lt,3,March
sgs_lt,4,April
sgs_lt,5,May
sgs_lt,6,June
sgs_lt,7,July
sgs_lt,8,August
sgs_lt,9,September
sgs_lt,10,October
sgs_lt,11,November
sgs_lt,12,December
sh,1,January
sh,2,February
sh,3,March
sh,4,April
sh,5,May
sh,6,June
sh,7,July
sh,8,August
sh,9,September
sh,10,October
sh,11,November
sh,12,December
sh_hr,1,January
sh_hr,2,February
sh_hr,3,March
sh_hr,4,April
sh_hr,5,May
sh_hr,6,June
sh_hr,7,July
sh_hr,8,August
sh_hr,9,September
sh_hr,10,October
sh_hr,11,November
sh_hr,12,December
sh_sp,1,January
sh_sp,2,February
sh_sp,3,March
sh_sp,4,April
sh_sp,5,May
sh_sp,6,June
sh_sp,7,July
sh_sp,8,August
sh_sp,9,September
sh_sp,10,October
sh_sp,11,November
sh_sp,12,December
sh_yu,1,January
sh_yu,2,February
sh_yu,3,March
sh_yu,4,April
sh_yu,5,May
sh_yu,6,June
sh_yu,7,July
sh_yu,8,August
sh_yu,9,September
sh_yu,10,October
sh_yu,11,November
sh_yu,12,December
shn_mm,1,January
shn_mm,2,February
shn_mm,3,March
shn_mm,4,April
shn_mm,5,May
shn_mm,6,June
shn_mm,7,July
shn_mm,8,August
shn_mm,9,September
shn_mm,10,October
shn_mm,11,November
shn_mm,12,December
shs_ca,1,January
shs_ca,2,February
shs_ca,3,March
shs_ca,4,April
shs_ca,5,May
shs_ca,6,June
shs_ca,7,July
shs_ca,8,August
shs_ca,9,September
shs_ca,10,October
shs_ca,11,November
shs_ca,12,December
si,1,à¶¢à¶±à·€à·à¶»à·’
si,2,à¶´à·™à¶¶à¶»à·€à·à¶»à·’
si,3,à¶¸à·à¶»à·Šà¶­à·”
si,4,à¶…à¶´à·Šâ€à¶»à·šà¶½à·Š
si,5,à¶¸à·à¶ºà·’
si,6,à¶¢à·–à¶±à·’
si,7,à¶¢à·–à¶½à·’
si,8,à¶…à¶œà·à·ƒà·Šà¶­à·”
si,9,à·ƒà·à¶´à·Šà¶­à·à¶¸à·Šà¶¶à¶»à·Š
si,10,à¶”à¶šà·Šà¶­à·à¶¶à¶»à·Š
si,11,à¶±à·œà·€à·à¶¸à·Šà¶¶à¶»à·Š
si,12,à¶¯à·™à·ƒà·à¶¸à·Šà¶¶à¶»à·Š
si_lk,1,à¶¢à¶±à·€à·à¶»à·’
si_lk,2,à¶´à·™à¶¶à¶»à·€à·à¶»à·’
si_lk,3,à¶¸à·à¶»à·Šà¶­à·”
si_lk,4,à¶…à¶´à·Šâ€à¶»à·šà¶½à·Š
si_lk,5,à¶¸à·à¶ºà·’
si_lk,6,à¶¢à·–à¶±à·’
si_lk,7,à¶¢à·–à¶½à·’
si_lk,8,à¶…à¶œà·à·ƒà·Šà¶­à·”
si_lk,9,à·ƒà·à¶´à·Šà¶­à·à¶¸à·Šà¶¶à¶»à·Š
si_lk,10,à¶”à¶šà·Šà¶­à·à¶¶à¶»à·Š
si_lk,11,à¶±à·œà·€à·à¶¸à·Šà¶¶à¶»à·Š
si_lk,12,à¶¯à·™à·ƒà·à¶¸à·Šà¶¶à¶»à·Š
sid_et,1,January
sid_et,2,February
sid_et,3,March
sid_et,4,April
sid_et,5,May
sid_et,6,June
sid_et,7,July
sid_et,8,August
sid_et,9,September
sid_et,10,October
sid_et,11,November
sid_et,12,December
sinhala,1,à¶¢à¶±à·€à·à¶»à·’
sinhala,2,à¶´à·™à¶¶à¶»à·€à·à¶»à·’
sinhala,3,à¶¸à·à¶»à·Šà¶­à·”
sinhala,4,à¶…à¶´à·Šâ€à¶»à·šà¶½à·Š
sinhala,5,à¶¸à·à¶ºà·’
sinhala,6,à¶¢à·–à¶±à·’
sinhala,7,à¶¢à·–à¶½à·’
sinhala,8,à¶…à¶œà·à·ƒà·Šà¶­à·”
sinhala,9,à·ƒà·à¶´à·Šà¶­à·à¶¸à·Šà¶¶à¶»à·Š
sinhala,10,à¶”à¶šà·Šà¶­à·à¶¶à¶»à·Š
sinhala,11,à¶±à·œà·€à·à¶¸à·Šà¶¶à¶»à·Š
sinhala,12,à¶¯à·™à·ƒà·à¶¸à·Šà¶¶à¶»à·Š
sk,1,január
sk,2,február
sk,3,marec
sk,4,apríl
sk,5,máj
sk,6,jún
sk,7,júl
sk,8,august
sk,9,september
sk,10,október
sk,11,november
sk,12,december
sk_sk,1,január
sk_sk,2,február
sk_sk,3,marec
sk_sk,4,apríl
sk_sk,5,máj
sk_sk,6,jún
sk_sk,7,júl
sk_sk,8,august
sk_sk,9,september
sk_sk,10,október
sk_sk,11,november
sk_sk,12,december
sl,1,januar
sl,2,februar
sl,3,marec
sl,4,april
sl,5,maj
sl,6,junij
sl,7,julij
sl,8,avgust
sl,9,september
sl,10,oktober
sl,11,november
sl,12,december
sl_cs,1,januar
sl_cs,2,februar
sl_cs,3,marec
sl_cs,4,april
sl_cs,5,maj
sl_cs,6,junij
sl_cs,7,julij
sl_cs,8,avgust
sl_cs,9,september
sl_cs,10,oktober
sl_cs,11,november
sl_cs,12,december
sl_si,1,januar
sl_si,2,februar
sl_si,3,marec
sl_si,4,april
sl_si,5,maj
sl_si,6,junij
sl_si,7,julij
sl_si,8,avgust
sl_si,9,september
sl_si,10,oktober
sl_si,11,november
sl_si,12,december
slovak,1,január
slovak,2,február
slovak,3,marec
slovak,4,apríl
slovak,5,máj
slovak,6,jún
slovak,7,júl
slovak,8,august
slovak,9,september
slovak,10,október
slovak,11,november
slovak,12,december
slovenian,1,januar
slovenian,2,februar
slovenian,3,marec
slovenian,4,april
slovenian,5,maj
slovenian,6,junij
slovenian,7,julij
slovenian,8,avgust
slovenian,9,september
slovenian,10,oktober
slovenian,11,november
slovenian,12,december
sm_ws,1,January
sm_ws,2,February
sm_ws,3,March
sm_ws,4,April
sm_ws,5,May
sm_ws,6,June
sm_ws,7,July
sm_ws,8,August
sm_ws,9,September
sm_ws,10,October
sm_ws,11,November
sm_ws,12,December
so_dj,1,Jannaayo
so_dj,2,Febraayo
so_dj,3,Maarso
so_dj,4,Abriil
so_dj,5,May
so_dj,6,Juun
so_dj,7,Luuliyo
so_dj,8,Ogost
so_dj,9,Sebtembar
so_dj,10,Oktoobar
so_dj,11,Nofembar
so_dj,12,Desembar
so_et,1,Jannaayo
so_et,2,Febraayo
so_et,3,Maarso
so_et,4,Abriil
so_et,5,May
so_et,6,Juun
so_et,7,Luuliyo
so_et,8,Ogost
so_et,9,Sebtembar
so_et,10,Oktoobar
so_et,11,Nofembar
so_et,12,Desembar
so_ke,1,Jannaayo
so_ke,2,Febraayo
so_ke,3,Maarso
so_ke,4,Abriil
so_ke,5,May
so_ke,6,Juun
so_ke,7,Luuliyo
so_ke,8,Ogost
so_ke,9,Sebtembar
so_ke,10,Oktoobar
so_ke,11,Nofembar
so_ke,12,Desembar
so_so,1,Jannaayo
so_so,2,Febraayo
so_so,3,Maarso
so_so,4,Abriil
so_so,5,May
so_so,6,Juun
so_so,7,Luuliyo
so_so,8,Ogost
so_so,9,Sebtembar
so_so,10,Oktoobar
so_so,11,Nofembar
so_so,12,Desembar
sp,1,January
sp,2,February
sp,3,March
sp,4,April
sp,5,May
sp,6,June
sp,7,July
sp,8,August
sp,9,September
sp,10,October
sp,11,November
sp,12,December
sp_yu,1,January
sp_yu,2,February
sp_yu,3,March
sp_yu,4,April
sp_yu,5,May
sp_yu,6,June
sp_yu,7,July
sp_yu,8,August
sp_yu,9,September
sp_yu,10,October
sp_yu,11,November
sp_yu,12,December
spanish,1,enero
spanish,2,febrero
spanish,3,marzo
spanish,4,abril
spanish,5,mayo
spanish,6,junio
spanish,7,julio
spanish,8,agosto
spanish,9,septiembre
spanish,10,octubre
spanish,11,noviembre
spanish,12,diciembre
spanish_spain,1,enero
spanish_spain,2,febrero
spanish_spain,3,marzo
spanish_spain,4,abril
spanish_spain,5,mayo
spanish_spain,6,junio
spanish_spain,7,julio
spanish_spain,8,agosto
spanish_spain,9,septiembre
spanish_spain,10,octubre
spanish_spain,11,noviembre
spanish_spain,12,diciembre
sq,1,janar
sq,2,shkurt
sq,3,mars
sq,4,prill
sq,5,maj
sq,6,qershor
sq,7,korrik
sq,8,gusht
sq,9,shtator
sq,10,tetor
sq,11,nëntor
sq,12,dhjetor
sq_al,1,janar
sq_al,2,shkurt
sq_al,3,mars
sq_al,4,prill
sq_al,5,maj
sq_al,6,qershor
sq_al,7,korrik
sq_al,8,gusht
sq_al,9,shtator
sq_al,10,tetor
sq_al,11,nëntor
sq_al,12,dhjetor
sq_mk,1,janar
sq_mk,2,shkurt
sq_mk,3,mars
sq_mk,4,prill
sq_mk,5,maj
sq_mk,6,qershor
sq_mk,7,korrik
sq_mk,8,gusht
sq_mk,9,shtator
sq_mk,10,tetor
sq_mk,11,nëntor
sq_mk,12,dhjetor
sr,1,januar
sr,2,februar
sr,3,mart
sr,4,april
sr,5,maj
sr,6,jun
sr,7,jul
sr,8,avgust
sr,9,septembar
sr,10,oktobar
sr,11,novembar
sr,12,decembar
sr_cs,1,januar
sr_cs,2,februar
sr_cs,3,mart
sr_cs,4,april
sr_cs,5,maj
sr_cs,6,jun
sr_cs,7,jul
sr_cs,8,avgust
sr_cs,9,septembar
sr_cs,10,oktobar
sr_cs,11,novembar
sr_cs,12,decembar
sr_me,1,januar
sr_me,2,februar
sr_me,3,mart
sr_me,4,april
sr_me,5,maj
sr_me,6,jun
sr_me,7,jul
sr_me,8,avgust
sr_me,9,septembar
sr_me,10,oktobar
sr_me,11,novembar
sr_me,12,decembar
sr_rs,1,januar
sr_rs,2,februar
sr_rs,3,mart
sr_rs,4,april
sr_rs,5,maj
sr_rs,6,jun
sr_rs,7,jul
sr_rs,8,avgust
sr_rs,9,septembar
sr_rs,10,oktobar
sr_rs,11,novembar
sr_rs,12,decembar
sr_sp,1,januar
sr_sp,2,februar
sr_sp,3,mart
sr_sp,4,april
sr_sp,5,maj
sr_sp,6,jun
sr_sp,7,jul
sr_sp,8,avgust
sr_sp,9,septembar
sr_sp,10,oktobar
sr_sp,11,novembar
sr_sp,12,decembar
sr_yu,1,januar
sr_yu,2,februar
sr_yu,3,mart
sr_yu,4,april
sr_yu,5,maj
sr_yu,6,jun
sr_yu,7,jul
sr_yu,8,avgust
sr_yu,9,septembar
sr_yu,10,oktobar
sr_yu,11,novembar
sr_yu,12,decembar
ss,1,Bhimbidvwane
ss,2,iNdlovana
ss,3,iNdlovu-lenkhulu
ss,4,Mabasa
ss,5,iNkhwekhweti
ss,6,iNhlaba
ss,7,Kholwane
ss,8,iNgci
ss,9,iNyoni
ss,10,iMphala
ss,11,Lweti
ss,12,iNgongoni
ss_za,1,Bhimbidvwane
ss_za,2,iNdlovana
ss_za,3,iNdlovu-lenkhulu
ss_za,4,Mabasa
ss_za,5,iNkhwekhweti
ss_za,6,iNhlaba
ss_za,7,Kholwane
ss_za,8,iNgci
ss_za,9,iNyoni
ss_za,10,iMphala
ss_za,11,Lweti
ss_za,12,iNgongoni
st,1,Phesekgong
st,2,Hlakola
st,3,Hlakubele
st,4,Mmese
st,5,Motsheanong
st,6,Phupjane
st,7,Phupu
st,8,Phata
st,9,Leotshe
st,10,Mphalane
st,11,Pundungwane
st,12,Tshitwe
st_za,1,Phesekgong
st_za,2,Hlakola
st_za,3,Hlakubele
st_za,4,Mmese
st_za,5,Motsheanong
st_za,6,Phupjane
st_za,7,Phupu
st_za,8,Phata
st_za,9,Leotshe
st_za,10,Mphalane
st_za,11,Pundungwane
st_za,12,Tshitwe
sv,1,januari
sv,2,februari
sv,3,mars
sv,4,april
sv,5,maj
sv,6,juni
sv,7,juli
sv,8,augusti
sv,9,september
sv,10,oktober
sv,11,november
sv,12,december
sv_fi,1,januari
sv_fi,2,februari
sv_fi,3,mars
sv_fi,4,april
sv_fi,5,maj
sv_fi,6,juni
sv_fi,7,juli
sv_fi,8,augusti
sv_fi,9,september
sv_fi,10,oktober
sv_fi,11,november
sv_fi,12,december
sv_se,1,januari
sv_se,2,februari
sv_se,3,mars
sv_se,4,april
sv_se,5,maj
sv_se,6,juni
sv_se,7,juli
sv_se,8,augusti
sv_se,9,september
sv_se,10,oktober
sv_se,11,november
sv_se,12,december
sw_ke,1,Januari
sw_ke,2,Februari
sw_ke,3,Machi
sw_ke,4,Aprili
sw_ke,5,Mei
sw_ke,6,Juni
sw_ke,7,Julai
sw_ke,8,Agosti
sw_ke,9,Septemba
sw_ke,10,Oktoba
sw_ke,11,Novemba
sw_ke,12,Desemba
sw_tz,1,Januari
sw_tz,2,Februari
sw_tz,3,Machi
sw_tz,4,Aprili
sw_tz,5,Mei
sw_tz,6,Juni
sw_tz,7,Julai
sw_tz,8,Agosti
sw_tz,9,Septemba
sw_tz,10,Oktoba
sw_tz,11,Novemba
sw_tz,12,Desemba
swedish,1,januari
swedish,2,februari
swedish,3,mars
swedish,4,april
swedish,5,maj
swedish,6,juni
swedish,7,juli
swedish,8,augusti
swedish,9,september
swedish,10,oktober
swedish,11,november
swedish,12,december
szl_pl,1,January
szl_pl,2,February
szl_pl,3,March
szl_pl,4,April
szl_pl,5,May
szl_pl,6,June
szl_pl,7,July
szl_pl,8,August
szl_pl,9,September
szl_pl,10,October
szl_pl,11,November
szl_pl,12,December
ta,1,à®œà®©à®µà®°à®¿
ta,2,à®ªà®¿à®ªà¯à®°à®µà®°à®¿
ta,3,à®®à®¾à®°à¯à®šà¯
ta,4,à®à®ªà¯à®°à®²à¯
ta,5,à®®à¯‡
ta,6,à®œà¯‚à®©à¯
ta,7,à®œà¯‚à®²à¯ˆ
ta,8,à®†à®•à®¸à¯à®Ÿà¯
ta,9,à®šà¯†à®ªà¯à®Ÿà®®à¯à®ªà®°à¯
ta,10,à®…à®•à¯à®Ÿà¯‹à®ªà®°à¯
ta,11,à®¨à®µà®®à¯à®ªà®°à¯
ta,12,à®Ÿà®¿à®šà®®à¯à®ªà®°à¯
ta_in,1,à®œà®©à®µà®°à®¿
ta_in,2,à®ªà®¿à®ªà¯à®°à®µà®°à®¿
ta_in,3,à®®à®¾à®°à¯à®šà¯
ta_in,4,à®à®ªà¯à®°à®²à¯
ta_in,5,à®®à¯‡
ta_in,6,à®œà¯‚à®©à¯
ta_in,7,à®œà¯‚à®²à¯ˆ
ta_in,8,à®†à®•à®¸à¯à®Ÿà¯
ta_in,9,à®šà¯†à®ªà¯à®Ÿà®®à¯à®ªà®°à¯
ta_in,10,à®…à®•à¯à®Ÿà¯‹à®ªà®°à¯
ta_in,11,à®¨à®µà®®à¯à®ªà®°à¯
ta_in,12,à®Ÿà®¿à®šà®®à¯à®ªà®°à¯
ta_lk,1,à®œà®©à®µà®°à®¿
ta_lk,2,à®ªà®¿à®ªà¯à®°à®µà®°à®¿
ta_lk,3,à®®à®¾à®°à¯à®šà¯
ta_lk,4,à®à®ªà¯à®°à®²à¯
ta_lk,5,à®®à¯‡
ta_lk,6,à®œà¯‚à®©à¯
ta_lk,7,à®œà¯‚à®²à¯ˆ
ta_lk,8,à®†à®•à®¸à¯à®Ÿà¯
ta_lk,9,à®šà¯†à®ªà¯à®Ÿà®®à¯à®ªà®°à¯
ta_lk,10,à®…à®•à¯à®Ÿà¯‹à®ªà®°à¯
ta_lk,11,à®¨à®µà®®à¯à®ªà®°à¯
ta_lk,12,à®Ÿà®¿à®šà®®à¯à®ªà®°à¯
te,1,à°œà°¨à°µà°°à°¿
te,2,à°«à°¿à°¬à±à°°à°µà°°à°¿
te,3,à°®à°¾à°°à±à°šà°¿
te,4,à°à°ªà±à°°à°¿à°²à±
te,5,à°®à±‡
te,6,à°œà±‚à°¨à±
te,7,à°œà±à°²à±ˆ
te,8,à°†à°—à°¸à±à°Ÿà±
te,9,à°¸à±†à°ªà±à°Ÿà±†à°‚à°¬à°°à±
te,10,à°…à°•à±à°Ÿà±‹à°¬à°°à±
te,11,à°¨à°µà°‚à°¬à°°à±
te,12,à°¡à°¿à°¸à±†à°‚à°¬à°°à±
te_in,1,à°œà°¨à°µà°°à°¿
te_in,2,à°«à°¿à°¬à±à°°à°µà°°à°¿
te_in,3,à°®à°¾à°°à±à°šà°¿
te_in,4,à°à°ªà±à°°à°¿à°²à±
te_in,5,à°®à±‡
te_in,6,à°œà±‚à°¨à±
te_in,7,à°œà±à°²à±ˆ
te_in,8,à°†à°—à°¸à±à°Ÿà±
te_in,9,à°¸à±†à°ªà±à°Ÿà±†à°‚à°¬à°°à±
te_in,10,à°…à°•à±à°Ÿà±‹à°¬à°°à±
te_in,11,à°¨à°µà°‚à°¬à°°à±
te_in,12,à°¡à°¿à°¸à±†à°‚à°¬à°°à±
tg,1,ÿíâàð
tg,2,ôåâðàë
tg,3,ìàðò
tg,4,àïðåë
tg,5,ìàé
tg,6,èþí
tg,7,èþë
tg,8,àâãóñò
tg,9,ñåíòÿáð
tg,10,îêòÿáð
tg,11,íîÿáð
tg,12,äåêàáð
tg_tj,1,ÿíâàð
tg_tj,2,ôåâðàë
tg_tj,3,ìàðò
tg_tj,4,àïðåë
tg_tj,5,ìàé
tg_tj,6,èþí
tg_tj,7,èþë
tg_tj,8,àâãóñò
tg_tj,9,ñåíòÿáð
tg_tj,10,îêòÿáð
tg_tj,11,íîÿáð
tg_tj,12,äåêàáð
th,1,Á¡ÃÒ¤Á
th,2,¡ØÁÀÒ¾Ñ¹¸ì
th,3,ÁÕ¹Ò¤Á
th,4,àÁÉÒÂ¹
th,5,¾ÄÉÀÒ¤Á
th,6,ÁÔ¶Ø¹ÒÂ¹
th,7,¡Ã¡®Ò¤Á
th,8,ÊÔ§ËÒ¤Á
th,9,¡Ñ¹ÂÒÂ¹
th,10,µØÅÒ¤Á
th,11,¾ÄÈ¨Ô¡ÒÂ¹
th,12,¸Ñ¹ÇÒ¤Á
th_th,1,Á¡ÃÒ¤Á
th_th,2,¡ØÁÀÒ¾Ñ¹¸ì
th_th,3,ÁÕ¹Ò¤Á
th_th,4,àÁÉÒÂ¹
th_th,5,¾ÄÉÀÒ¤Á
th_th,6,ÁÔ¶Ø¹ÒÂ¹
th_th,7,¡Ã¡®Ò¤Á
th_th,8,ÊÔ§ËÒ¤Á
th_th,9,¡Ñ¹ÂÒÂ¹
th_th,10,µØÅÒ¤Á
th_th,11,¾ÄÈ¨Ô¡ÒÂ¹
th_th,12,¸Ñ¹ÇÒ¤Á
thai,1,Á¡ÃÒ¤Á
thai,2,¡ØÁÀÒ¾Ñ¹¸ì
thai,3,ÁÕ¹Ò¤Á
thai,4,àÁÉÒÂ¹
thai,5,¾ÄÉÀÒ¤Á
thai,6,ÁÔ¶Ø¹ÒÂ¹
thai,7,¡Ã¡®Ò¤Á
thai,8,ÊÔ§ËÒ¤Á
thai,9,¡Ñ¹ÂÒÂ¹
thai,10,µØÅÒ¤Á
thai,11,¾ÄÈ¨Ô¡ÒÂ¹
thai,12,¸Ñ¹ÇÒ¤Á
the_np,1,January
the_np,2,February
the_np,3,March
the_np,4,April
the_np,5,May
the_np,6,June
the_np,7,July
the_np,8,August
the_np,9,September
the_np,10,October
the_np,11,November
the_np,12,December
ti_er,1,áŒ¥áˆª
ti_er,2,áˆˆáŠ«á‰²á‰µ
ti_er,3,áˆ˜áŒ‹á‰¢á‰µ
ti_er,4,áˆšá‹«á‹á‹«
ti_er,5,áŒáŠ•á‰¦á‰µ
ti_er,6,áˆ°áŠ
ti_er,7,áˆ“áˆáˆˆ
ti_er,8,áŠáˆ“áˆ°
ti_er,9,áˆ˜áˆµáŠ¨áˆ¨áˆ
ti_er,10,áŒ¥á‰…áˆá‰²
ti_er,11,áˆ•á‹³áˆ­
ti_er,12,á‰³áˆ•áˆ³áˆµ
ti_et,1,áŒ¥áˆª
ti_et,2,áˆˆáŠ«á‰²á‰µ
ti_et,3,áˆ˜áŒ‹á‰¢á‰µ
ti_et,4,áˆšá‹«á‹á‹«
ti_et,5,áŒáŠ•á‰¦á‰µ
ti_et,6,áˆ°áŠ
ti_et,7,áˆ“áˆáˆˆ
ti_et,8,áŠáˆ“áˆ°
ti_et,9,áˆ˜áˆµáŠ¨áˆ¨áˆ
ti_et,10,áŒ¥á‰…áˆá‰²
ti_et,11,áˆ•á‹³áˆ­
ti_et,12,á‰³áˆ•áˆ³áˆµ
tig_er,1,áŒƒáŠ•á‹©á‹ˆáˆª
tig_er,2,áŒá‰¥áˆ©á‹ˆáˆª
tig_er,3,áˆ›áˆ­á‰½
tig_er,4,áŠ¤á•áˆ¨áˆ
tig_er,5,áˆœá‹­
tig_er,6,áŒáŠ•
tig_er,7,áŒáˆ‹á‹­
tig_er,8,áŠ¦áŒˆáˆµá‰µ
tig_er,9,áˆ´á•á‰´áˆá‰ áˆ­
tig_er,10,áŠ¦áŠ­á‰°á‹á‰ áˆ­
tig_er,11,áŠ–á‰¬áˆá‰ áˆ­
tig_er,12,á‹²áˆ´áˆá‰ áˆ­
tk_tm,1,Ýanwar
tk_tm,2,Fewral
tk_tm,3,Mart
tk_tm,4,Aprel
tk_tm,5,Maý
tk_tm,6,lýun
tk_tm,7,lýul
tk_tm,8,Awgust
tk_tm,9,Sentýabr
tk_tm,10,Oktýabr
tk_tm,11,Noýabr
tk_tm,12,Dekabr
tl,1,January
tl,2,February
tl,3,March
tl,4,April
tl,5,May
tl,6,June
tl,7,July
tl,8,August
tl,9,September
tl,10,October
tl,11,November
tl,12,December
tl_ph,1,January
tl_ph,2,February
tl_ph,3,March
tl_ph,4,April
tl_ph,5,May
tl_ph,6,June
tl_ph,7,July
tl_ph,8,August
tl_ph,9,September
tl_ph,10,October
tl_ph,11,November
tl_ph,12,December
tn,1,Ferikgong
tn,2,Tlhakole
tn,3,Mopitlo
tn,4,Moranang
tn,5,Motsheganang
tn,6,Seetebosigo
tn,7,Phukwi
tn,8,Phatwe
tn,9,Lwetse
tn,10,Diphalane
tn,11,Ngwanatsele
tn,12,Sedimonthole
tn_za,1,Ferikgong
tn_za,2,Tlhakole
tn_za,3,Mopitlo
tn_za,4,Moranang
tn_za,5,Motsheganang
tn_za,6,Seetebosigo
tn_za,7,Phukwi
tn_za,8,Phatwe
tn_za,9,Lwetse
tn_za,10,Diphalane
tn_za,11,Ngwanatsele
tn_za,12,Sedimonthole
to_to,1,SÄnuali
to_to,2,FÄ“pueli
to_to,3,MaÊ»asi
to_to,4,Ê»Epeleli
to_to,5,MÄ“
to_to,6,Sune
to_to,7,Siulai
to_to,8,Ê»Aokosi
to_to,9,Sepitema
to_to,10,Ê»Okatopa
to_to,11,NÅvema
to_to,12,TÄ«sema
tpi_pg,1,January
tpi_pg,2,February
tpi_pg,3,March
tpi_pg,4,April
tpi_pg,5,May
tpi_pg,6,June
tpi_pg,7,July
tpi_pg,8,August
tpi_pg,9,September
tpi_pg,10,October
tpi_pg,11,November
tpi_pg,12,December
tr,1,Ocak
tr,2,Þubat
tr,3,Mart
tr,4,Nisan
tr,5,Mayýs
tr,6,Haziran
tr,7,Temmuz
tr,8,Aðustos
tr,9,Eylül
tr,10,Ekim
tr,11,Kasým
tr,12,Aralýk
tr_cy,1,Ocak
tr_cy,2,Þubat
tr_cy,3,Mart
tr_cy,4,Nisan
tr_cy,5,Mayýs
tr_cy,6,Haziran
tr_cy,7,Temmuz
tr_cy,8,Aðustos
tr_cy,9,Eylül
tr_cy,10,Ekim
tr_cy,11,Kasým
tr_cy,12,Aralýk
tr_tr,1,Ocak
tr_tr,2,Þubat
tr_tr,3,Mart
tr_tr,4,Nisan
tr_tr,5,Mayýs
tr_tr,6,Haziran
tr_tr,7,Temmuz
tr_tr,8,Aðustos
tr_tr,9,Eylül
tr_tr,10,Ekim
tr_tr,11,Kasým
tr_tr,12,Aralýk
ts,1,Sunguti
ts,2,Nyenyenyani
ts,3,Nyenyankulu
ts,4,Dzivamisoko
ts,5,Mudyaxihi
ts,6,Khotavuxika
ts,7,Mawuwani
ts,8,Mhawuri
ts,9,Ndzhati
ts,10,Nhlangula
ts,11,Hukuri
ts,12,Nâ€™wendzamhala
ts_za,1,Sunguti
ts_za,2,Nyenyenyani
ts_za,3,Nyenyankulu
ts_za,4,Dzivamisoko
ts_za,5,Mudyaxihi
ts_za,6,Khotavuxika
ts_za,7,Mawuwani
ts_za,8,Mhawuri
ts_za,9,Ndzhati
ts_za,10,Nhlangula
ts_za,11,Hukuri
ts_za,12,Nâ€™wendzamhala
tt,1,ãûéíâàð
tt,2,ôåâðàëü
tt,3,ìàðò
tt,4,àïðåëü
tt,5,ìàé
tt,6,èþíü
tt,7,èþëü
tt,8,àâãóñò
tt,9,ñåíòÿáðü
tt,10,îêòÿáðü
tt,11,íîÿáðü
tt,12,äåêàáðü
tt_ru,1,ãûéíâàð
tt_ru,2,ôåâðàëü
tt_ru,3,ìàðò
tt_ru,4,àïðåëü
tt_ru,5,ìàé
tt_ru,6,èþíü
tt_ru,7,èþëü
tt_ru,8,àâãóñò
tt_ru,9,ñåíòÿáðü
tt_ru,10,îêòÿáðü
tt_ru,11,íîÿáðü
tt_ru,12,äåêàáðü
turkish,1,Ocak
turkish,2,Þubat
turkish,3,Mart
turkish,4,Nisan
turkish,5,Mayýs
turkish,6,Haziran
turkish,7,Temmuz
turkish,8,Aðustos
turkish,9,Eylül
turkish,10,Ekim
turkish,11,Kasým
turkish,12,Aralýk
ug_cn,1,íÇä?ÇÑ
ug_cn,2,Ý??ÑÇá
ug_cn,3,ãÇÑÊ
ug_cn,4,ÆÇÑ?á
ug_cn,5,ãÇí
ug_cn,6,Æìí?ä
ug_cn,7,Æìí?á
ug_cn,8,ÆÇ?Û?ÓÊ
ug_cn,9,Ó?äÊ?ÈìÑ
ug_cn,10,Æ?ßÊ?ÈìÑ
ug_cn,11,äæíÇÈìÑ
ug_cn,12,Ï?ßÇÈìÑ
uk,1,January
uk,2,February
uk,3,March
uk,4,April
uk,5,May
uk,6,June
uk,7,July
uk,8,August
uk,9,September
uk,10,October
uk,11,November
uk,12,December
uk_ua,1,ñ³÷åíü
uk_ua,2,ëþòèé
uk_ua,3,áåðåçåíü
uk_ua,4,êâ³òåíü
uk_ua,5,òðàâåíü
uk_ua,6,÷åðâåíü
uk_ua,7,ëèïåíü
uk_ua,8,ñåðïåíü
uk_ua,9,âåðåñåíü
uk_ua,10,æîâòåíü
uk_ua,11,ëèñòîïàä
uk_ua,12,ãðóäåíü
unm_us,1,January
unm_us,2,February
unm_us,3,March
unm_us,4,April
unm_us,5,May
unm_us,6,June
unm_us,7,July
unm_us,8,August
unm_us,9,September
unm_us,10,October
unm_us,11,November
unm_us,12,December
ur,1,ÌäæÑí
ur,2,ÝÑæÑí
ur,3,ãÇÑ
ur,4,ÇÑíá
ur,5,ãÆí
ur,6,Ìæä
ur,7,ÌæáÇÆí
ur,8,ÇÓÊ
ur,9,ÓÊãÈÑ
ur,10,Ç˜ÊæÈÑ
ur,11,äæãÈÑ
ur,12,ÏÓãÈÑ
ur_in,1,ÌäæÑí
ur_in,2,ÝÑæÑí
ur_in,3,ãÇÑ
ur_in,4,ÇÑíá
ur_in,5,ãÆí
ur_in,6,Ìæä
ur_in,7,ÌæáÇÆí
ur_in,8,ÇÓÊ
ur_in,9,ÓÊãÈÑ
ur_in,10,Ç˜ÊæÈÑ
ur_in,11,äæãÈÑ
ur_in,12,ÏÓãÈÑ
ur_pk,1,ÌäæÑí
ur_pk,2,ÝÑæÑí
ur_pk,3,ãÇÑ
ur_pk,4,ÇÑíá
ur_pk,5,ãÆí
ur_pk,6,Ìæä
ur_pk,7,ÌæáÇÆí
ur_pk,8,ÇÓÊ
ur_pk,9,ÓÊãÈÑ
ur_pk,10,Ç˜ÊæÈÑ
ur_pk,11,äæãÈÑ
ur_pk,12,ÏÓãÈÑ
uz,1,Yanvar
uz,2,Fevral
uz,3,Mart
uz,4,Aprel
uz,5,May
uz,6,Iyun
uz,7,Iyul
uz,8,Avgust
uz,9,Sentabr
uz,10,Oktabr
uz,11,Noyabr
uz,12,Dekabr
uz_uz,1,Yanvar
uz_uz,2,Fevral
uz_uz,3,Mart
uz_uz,4,Aprel
uz_uz,5,May
uz_uz,6,Iyun
uz_uz,7,Iyul
uz_uz,8,Avgust
uz_uz,9,Sentabr
uz_uz,10,Oktabr
uz_uz,11,Noyabr
uz_uz,12,Dekabr
ve,1,Phando
ve,2,Luhuhi
ve,3,á¹°hafamuhwe
ve,4,Lambamai
ve,5,Shundunthule
ve,6,Fulwi
ve,7,Fulwana
ve,8,á¹°hangule
ve,9,Khubvumedzi
ve,10,Tshimedzi
ve,11,á¸¼ara
ve,12,Nyendavhusiku
ve_za,1,Phando
ve_za,2,Luhuhi
ve_za,3,á¹°hafamuhwe
ve_za,4,Lambamai
ve_za,5,Shundunthule
ve_za,6,Fulwi
ve_za,7,Fulwana
ve_za,8,á¹°hangule
ve_za,9,Khubvumedzi
ve_za,10,Tshimedzi
ve_za,11,á¸¼ara
ve_za,12,Nyendavhusiku
vi,1,Thaìng Giêng
vi,2,Thaìng Hai
vi,3,Thaìng Ba
vi,4,Thaìng Tý
vi,5,Thaìng Nãm
vi,6,Thaìng Saìu
vi,7,Thaìng BaÒy
vi,8,Thaìng Taìm
vi,9,Thaìng Chiìn
vi,10,Thaìng MýõÌi
vi,11,Thaìng MýõÌi Môòt
vi,12,Thaìng MýõÌi Hai
vi_vn,1,Thaìng Giêng
vi_vn,2,Thaìng Hai
vi_vn,3,Thaìng Ba
vi_vn,4,Thaìng Tý
vi_vn,5,Thaìng Nãm
vi_vn,6,Thaìng Saìu
vi_vn,7,Thaìng BaÒy
vi_vn,8,Thaìng Taìm
vi_vn,9,Thaìng Chiìn
vi_vn,10,Thaìng MýõÌi
vi_vn,11,Thaìng MýõÌi Môòt
vi_vn,12,Thaìng MýõÌi Hai
wa,1,January
wa,2,February
wa,3,March
wa,4,April
wa,5,May
wa,6,June
wa,7,July
wa,8,August
wa,9,September
wa,10,October
wa,11,November
wa,12,December
wa_be,1,January
wa_be,2,February
wa_be,3,March
wa_be,4,April
wa_be,5,May
wa_be,6,June
wa_be,7,July
wa_be,8,August
wa_be,9,September
wa_be,10,October
wa_be,11,November
wa_be,12,December
wae_ch,1,Jenner
wae_ch,2,Hornig
wae_ch,3,MÃ¤rze
wae_ch,4,Abrille
wae_ch,5,Meije
wae_ch,6,BrÃ¡Äet
wae_ch,7,Heiwet
wae_ch,8,Ã–igÅ¡te
wae_ch,9,HerbÅ¡tmÃ¡net
wae_ch,10,WÃ­mÃ¡net
wae_ch,11,WintermÃ¡net
wae_ch,12,ChriÅ¡tmÃ¡net
wal_et,1,áŒƒáŠ•á‹©á‹ˆáˆª
wal_et,2,áŒá‰¥áˆ©á‹ˆáˆª
wal_et,3,áˆ›áˆ­á‰½
wal_et,4,áŠ¤á•áˆ¨áˆ
wal_et,5,áˆœá‹­
wal_et,6,áŒáŠ•
wal_et,7,áŒáˆ‹á‹­
wal_et,8,áŠ¦áŒˆáˆµá‰µ
wal_et,9,áˆ´á•á‰´áˆá‰ áˆ­
wal_et,10,áŠ¦áŠ­á‰°á‹á‰ áˆ­
wal_et,11,áŠ–á‰¬áˆá‰ áˆ­
wal_et,12,á‹²áˆ´áˆá‰ áˆ­
wo_sn,1,Samwiye
wo_sn,2,Fewriye
wo_sn,3,Maars
wo_sn,4,Awril
wo_sn,5,Me
wo_sn,6,Suwe
wo_sn,7,Sullet
wo_sn,8,Ut
wo_sn,9,Septàmbar
wo_sn,10,Oktoobar
wo_sn,11,Noowàmbar
wo_sn,12,Desàmbar
xh,1,Janyuwari
xh,2,Februwari
xh,3,Matshi
xh,4,Epreli
xh,5,Meyi
xh,6,Juni
xh,7,Julayi
xh,8,Agasti
xh,9,Septemba
xh,10,Okthoba
xh,11,Novemba
xh,12,Disemba
xh_za,1,Janyuwari
xh_za,2,Februwari
xh_za,3,Matshi
xh_za,4,Epreli
xh_za,5,Meyi
xh_za,6,Juni
xh_za,7,Julayi
xh_za,8,Agasti
xh_za,9,Septemba
xh_za,10,Okthoba
xh_za,11,Novemba
xh_za,12,Disemba
yi,1,ê‹ê†ª
yi,2,ê‘ê†ª
yi,3,êŒ•ê†ª
yi,4,ê‡–ê†ª
yi,5,ê‰¬ê†ª
yi,6,êƒ˜ê†ª
yi,7,êƒê†ª
yi,8,ê‰†ê†ª
yi,9,êˆ¬ê†ª
yi,10,êŠ°ê†ª
yi,11,êŠ¯êŠªê†ª
yi,12,êŠ°ê‘‹ê†ª
yi_us,1,áŽ¤áƒáŽ¸á”á…
yi_us,2,áŽ§áŽ¦áŽµ
yi_us,3,áŽ á…á±
yi_us,4,áá¬á‚
yi_us,5,áŽ á‚ááŽ¬á˜
yi_us,6,á•áŽ­áŽ·á±
yi_us,7,áŽ«á°á‰á‚
yi_us,8,áŽ¦áŽ¶á‚
yi_us,9,ášáŽµáá—
yi_us,10,ášá‚á…á—
yi_us,11,á…á“á•á†
yi_us,12,áŽ¤ááŽ©á±
yo_ng,1,??´r?´
yo_ng,2,Èrèlè
yo_ng,3,?r?`nà
yo_ng,4,Ìgbé
yo_ng,5,?`bibi
yo_ng,6,Òkúdu
yo_ng,7,Ag?m?
yo_ng,8,Ògún
yo_ng,9,Owewe
yo_ng,10,?`wàrà
yo_ng,11,Bélú
yo_ng,12,?`p?`
yue_hk,1,January
yue_hk,2,February
yue_hk,3,March
yue_hk,4,April
yue_hk,5,May
yue_hk,6,June
yue_hk,7,July
yue_hk,8,August
yue_hk,9,September
yue_hk,10,October
yue_hk,11,November
yue_hk,12,December
yuw_pg,1,January
yuw_pg,2,February
yuw_pg,3,March
yuw_pg,4,April
yuw_pg,5,May
yuw_pg,6,June
yuw_pg,7,July
yuw_pg,8,August
yuw_pg,9,September
yuw_pg,10,October
yuw_pg,11,November
yuw_pg,12,December
zh,1,Ò»ÔÂ
zh,2,¶þÔÂ
zh,3,ÈýÔÂ
zh,4,ËÄÔÂ
zh,5,ÎåÔÂ
zh,6,ÁùÔÂ
zh,7,ÆßÔÂ
zh,8,°ËÔÂ
zh,9,¾ÅÔÂ
zh,10,Ê®ÔÂ
zh,11,Ê®Ò»ÔÂ
zh,12,Ê®¶þÔÂ
zh_cn,1,Ò»ÔÂ
zh_cn,2,¶þÔÂ
zh_cn,3,ÈýÔÂ
zh_cn,4,ËÄÔÂ
zh_cn,5,ÎåÔÂ
zh_cn,6,ÁùÔÂ
zh_cn,7,ÆßÔÂ
zh_cn,8,°ËÔÂ
zh_cn,9,¾ÅÔÂ
zh_cn,10,Ê®ÔÂ
zh_cn,11,Ê®Ò»ÔÂ
zh_cn,12,Ê®¶þÔÂ
zh_hk,1,¤@¤ë
zh_hk,2,¤G¤ë
zh_hk,3,¤T¤ë
zh_hk,4,¥|¤ë
zh_hk,5,¤­¤ë
zh_hk,6,¤»¤ë
zh_hk,7,¤C¤ë
zh_hk,8,¤K¤ë
zh_hk,9,¤E¤ë
zh_hk,10,¤Q¤ë
zh_hk,11,¤Q¤@¤ë
zh_hk,12,¤Q¤G¤ë
zh_sg,1,Ò»ÔÂ
zh_sg,2,¶þÔÂ
zh_sg,3,ÈýÔÂ
zh_sg,4,ËÄÔÂ
zh_sg,5,ÎåÔÂ
zh_sg,6,ÁùÔÂ
zh_sg,7,ÆßÔÂ
zh_sg,8,°ËÔÂ
zh_sg,9,¾ÅÔÂ
zh_sg,10,Ê®ÔÂ
zh_sg,11,Ê®Ò»ÔÂ
zh_sg,12,Ê®¶þÔÂ
zh_tw,1,¤@¤ë
zh_tw,2,¤G¤ë
zh_tw,3,¤T¤ë
zh_tw,4,¥|¤ë
zh_tw,5,¤­¤ë
zh_tw,6,¤»¤ë
zh_tw,7,¤C¤ë
zh_tw,8,¤K¤ë
zh_tw,9,¤E¤ë
zh_tw,10,¤Q¤ë
zh_tw,11,¤Q¤@¤ë
zh_tw,12,¤Q¤G¤ë
zu,1,Januwari
zu,2,Februwari
zu,3,Mashi
zu,4,Ephreli
zu,5,Meyi
zu,6,Juni
zu,7,Julayi
zu,8,Agasti
zu,9,Septhemba
zu,10,Okthoba
zu,11,Novemba
zu,12,Disemba
zu_za,1,Januwari
zu_za,2,Februwari
zu_za,3,Mashi
zu_za,4,Ephreli
zu_za,5,Meyi
zu_za,6,Juni
zu_za,7,Julayi
zu_za,8,Agasti
zu_za,9,Septhemba
zu_za,10,Okthoba
zu_za,11,Novemba
zu_za,12,Disemba
